source,author,title,description,url,urlToImage,publishedAt,content
"{'id': 'the-verge', 'name': 'The Verge'}",Brandt Ranj,The best Apple Watch Prime Day deals,"Apple typically doesn’t discount its own hardware, which makes Prime Day deals on its gear so appealing. We’ve rounded up the best Apple Watch Prime Day deals, and we’re particularly struck by the discount on the Apple Watch Series 10. The 42mm aluminum GPS m…",https://www.theverge.com/tech/698764/best-apple-watch-prime-day-deals-sale-2025,https://platform.theverge.com/wp-content/uploads/sites/2/chorus/uploads/chorus_asset/file/25623076/247270_Apple_watch_series_10_AKrales_0557.jpg?quality=90&strip=all&crop=0%2C10.732984293194%2C100%2C78.534031413613&w=1200,2025-07-09T14:03:37Z,"Apple typically doesn’t discount its own hardware, which makes Prime Day deals on its gear so appealing. We’ve rounded up the best Apple Watch Prime Day deals, and we’re particularly struck by the di… [+3165 chars]"
"{'id': 'the-verge', 'name': 'The Verge'}","Jay Peters, Barbara Krasnoff",Why I love my Apple EarPods,"Jay Peters is a news editor for The Verge, which means, he explains, “I write and edit news about tech, gaming, and all of the many things The Verge covers. I also write a lot about indie video games. And I’m taking over David Pierce’s Installer newsletter wh…",https://www.theverge.com/tech/704616/apple-earpods-favorites,https://platform.theverge.com/wp-content/uploads/sites/2/2025/07/EarPods.jpg?quality=90&strip=all&crop=0%2C10.732984293194%2C100%2C78.534031413613&w=1200,2025-07-15T14:51:16Z,"Jay Peters is a news editor for The Verge, which means, he explains, “I write and edit news about tech, gaming, and all of the many things The Verge covers. I also write a lot about indie video games… [+2168 chars]"
"{'id': 'the-verge', 'name': 'The Verge'}",Emma Roth,Apple just added more frost to its Liquid Glass design,"Apple’s new Liquid Glass design language just got a little more… frosted. In the third iOS 26 developer beta, Apple dialed back the transparency of navigation bars, buttons, and tabs that once allowed you to clearly see the content beneath them. Apple already…",https://www.theverge.com/news/700066/apple-liquid-glass-frosted-ios-26-developer-beta,https://platform.theverge.com/wp-content/uploads/sites/2/2025/07/apple-liquid-glass.jpg?quality=90&strip=all&crop=0%2C3.4216870907457%2C100%2C93.156625818509&w=1200,2025-07-07T22:31:21Z,"The latest iOS 26 developer beta makes Apples new UI a little less transparent and easier to read.
Apples new Liquid Glass design language just got a little more frosted. In the third iOS 26 develop… [+1090 chars]"
"{'id': 'the-verge', 'name': 'The Verge'}",Sheena Vasani,The MLS Season Pass is 50 percent off ahead of the All-Star game and Leagues Cup,"Major League Soccer (MLS) is now nearly halfway through its 2025 season, and Apple is giving fans a great reason to tune in. For a limited time, the MLS Season Pass is available for just $49, offering new and returning subscribers access to every remaining ma…",https://www.theverge.com/tech/696026/mls-season-pass-apple-tv-plus-all-star-game-league-cup-deal-sale,https://platform.theverge.com/wp-content/uploads/sites/2/chorus/uploads/chorus_asset/file/24202852/Apple_TV_MLS_hero_big.jpg.large_2x.jpg?quality=90&strip=all&crop=0%2C3.4401991619236%2C100%2C93.119601676153&w=1200,2025-07-01T18:36:43Z,"The MLS Season Pass grants access to this summer’s All Star-Game and Leagues Cup tournament.


Major League Soccer (MLS) is now nearly halfway through its 2025 season, and Apple is giving fans a gre… [+1592 chars]"
"{'id': 'the-verge', 'name': 'The Verge'}",Cameron Faulkner,Apple Wallet notifications for an F1 movie promotion ticked off iPhone owners,"Apple poured some good money into making F1 – a Formula 1 racing movie starring Brad Pitt – and it wants its customers to know that. To that end, many people, including some Verge staffers, noticed an unusual Apple Wallet notification this morning that’s both…",https://www.theverge.com/news/692276/apple-wallet-notification-f1-movie-ad,https://platform.theverge.com/wp-content/uploads/sites/2/2025/06/f1.jpg?quality=90&strip=all&crop=0%2C10.719133494003%2C100%2C78.561733011995&w=1200,2025-06-24T19:15:41Z,"While perhaps not as bad as the 2014 U2 debacle, pushing promotional ads on users is too thirsty.
Apple poured some good money into making F1 a Formula 1 racing movie starring Brad Pitt and it wants… [+1390 chars]"
"{'id': 'the-verge', 'name': 'The Verge'}",Jess Weatherbed,Google kills its Keep app on Apple Watch,"The Google graveyard has claimed another victim: the company has killed the Apple Watch version of its Keep app. While the note-taking app is still available for iPhone and iPad, the 2.2025.26200 Google Keep App Store update released on Monday has removed wat…",https://www.theverge.com/news/695590/google-keep-apple-watch-watchos-removed,https://platform.theverge.com/wp-content/uploads/sites/2/2025/07/Google-Keep-Apple-Watch.jpg?quality=90&strip=all&crop=0%2C10.732984293194%2C100%2C78.534031413613&w=1200,2025-07-01T12:49:17Z,"Google hasn’t shown Keep much love since bringing it to Apple Watch in 2019.


The Google graveyard has claimed another victim: the company has killed the Apple Watch version of its Keep app. While … [+1454 chars]"
"{'id': 'the-verge', 'name': 'The Verge'}",Jay Peters,Apple’s sports app now shows tennis scores,"Apple Sports, the company’s sports app for iPhone, now shows scores for tennis matches. “Tennis fans can access live scores for Grand Slam and 1000-level tournaments, and can track every point across all men’s and women’s singles matches, beginning with Wimbl…",https://www.theverge.com/news/692872/apples-sports-app-now-shows-tennis-scores,https://platform.theverge.com/wp-content/uploads/sites/2/2025/06/Apple-Sports-app_Tennis_3-Courts.png?quality=90&strip=all&crop=0%2C3.4613147178592%2C100%2C93.077370564282&w=1200,2025-06-25T16:39:45Z,"The update is arriving just ahead of Wimbledon.
Apple Sports, the companys sports app for iPhone, now shows scores for tennis matches. Tennis fans can access live scores for Grand Slam and 1000-leve… [+800 chars]"
"{'id': 'the-verge', 'name': 'The Verge'}",Andrew Liszewski,Google Calendar now has an Apple Watch app,"After retreating from watchOS several years ago, Google now only offers a handful of apps for the Apple Watch. That list is expanding to four in total with the launch of a new Google Calendar app rolling out alongside the existing iPhone version, as spotted b…",https://www.theverge.com/news/695165/google-calendar-apple-watch-app-watchos,https://platform.theverge.com/wp-content/uploads/sites/2/2025/06/apple_watch_calendar.jpg?quality=90&strip=all&crop=0%2C10.761878344486%2C100%2C78.476243311027&w=1200,2025-06-30T16:53:12Z,"Google’s watchOS Calendar app isn’t as robust as the Apple Watch’s native one. | Image: Apple


After retreating from watchOS several years ago, Google now only offers a handful of apps for the Appl… [+1438 chars]"
"{'id': 'the-verge', 'name': 'The Verge'}",Bradley Iger,"Apple CarPlay Ultra hands-on: more continuity, less disruption","It's been more than a decade since Apple unveiled the original version of CarPlay. In that time, the system has become indispensable for countless drivers all over the world. But while new iterations of iOS have introduced user interface tweaks and some addit…",https://www.theverge.com/hands-on/694633/apple-carplay-ultra-hands-on-more-continuity-less-disruption,https://platform.theverge.com/wp-content/uploads/sites/2/2025/06/04-Apple-CarPlay-Ultra-dual-nav-displays.jpg?quality=90&strip=all&crop=0%2C10.732984293194%2C100%2C78.534031413613&w=1200,2025-06-30T15:00:31Z,"Apple CarPlay Ultra hands-on: more continuity, less disruption
Luxury automaker Aston Martin is the first OEM to offer support for Apples enhanced phone mirroring system, so we hopped in a DBX707 to… [+7646 chars]"
"{'id': None, 'name': 'Gizmodo.com'}",James Pero,Apple Hopes Tennis Will Remind You the Apple Sports App Exists,Maybe Wimbledon will make the Apple Sports app a hit.,https://gizmodo.com/apple-hopes-tennis-will-remind-you-the-apple-sports-app-exists-2000620274,https://gizmodo.com/app/uploads/2025/06/applesportsapp-1200x675.jpg,2025-06-25T20:42:50Z,"Apple is adding a few new capabilities to the Apple Sports app that it hopes will convince you to actually download the thing. Its biggest item on the list of additions: tennis. For the first time, A… [+2820 chars]"
"{'id': 'wired', 'name': 'Wired'}",Paresh Dave,Trump’s Defiance of TikTok Ban Prompted Immunity Promises to 10 Tech Companies,"Newly disclosed records show Attorney General Pam Bondi gave cover to not only Apple and Google, but also several other companies that help TikTok operate in the US.",https://www.wired.com/story/pam-bondi-trump-tiktok-letters-google-apple-microsoft/,"https://media.wired.com/photos/6866f3a28d6264efbede3761/191:100/w_1280,c_limit/pam-bondi-tiktok-biz-2221351537.jpg",2025-07-03T21:48:41Z,"US attorney general Pam Bondi has told at least 10 tech companies, including Apple, Microsoft, Amazon, and Google, that they have incurred no liability for supporting TikTok despite the federal ban o… [+3562 chars]"
"{'id': None, 'name': 'Gizmodo.com'}",Gizmodo Deals,"Amazon Is Going All In, Apple Watch Ultra 2 Drops to a Price That’s Sure to Make Apple Furious","Prime Day is wild, we didn’t expect a deal like this on the Apple Watch Ultra 2.",https://gizmodo.com/amazon-is-going-all-in-apple-watch-ultra-2-drops-to-a-price-thats-sure-to-make-apple-furious-2000625586,https://gizmodo.com/app/uploads/2025/07/apple-watch-ultra-2-1200x675.jpg,2025-07-08T14:55:41Z,"Prime Day always offers deep discounts on the whole Apple lineup, just not iPhones. This year is no exception with huge discounts on AirPods, iPads, MacBooks, AirTags… and even the new Apple Watch Ul… [+2449 chars]"
"{'id': None, 'name': 'Gizmodo.com'}",Jason Coles,"Apple Suddenly Drops AirPods Max Below Its Black Friday Price for Everyone, Not Just for Prime Members","Enjoy the best Apple AirPods money can buy, but for less.",https://gizmodo.com/apple-suddenly-drops-airpods-max-below-its-black-friday-price-for-everyone-not-just-for-prime-members-2000623332,https://gizmodo.com/app/uploads/2025/07/head-deal-1200x675.jpg,2025-07-03T12:40:37Z,"If you’re an Apple fan, then your life will generally be a little bit easier if you choose to stick within that ecosystem when it comes to your other tech. You can get tablets, smartwatches, and MacB… [+2028 chars]"
"{'id': None, 'name': 'Gizmodo.com'}",Luc Olinga,The $14 Billion AI Google Killer,"Why Meta and Apple want Perplexity AI, even if it's just a glorified chatbot.",https://gizmodo.com/the-14-billion-ai-google-killer-2000618755,https://gizmodo.com/app/uploads/2024/09/AI-search-monopoly-antitrust-google-senators-ftc-1.jpg,2025-06-22T15:25:16Z,"A new AI darling is making waves in Silicon Valley. Its called Perplexity, and according to reports, both Meta and Apple have quietly explored acquiring it. Valued at a staggering $14 billion followi… [+3852 chars]"
"{'id': None, 'name': 'Gizmodo.com'}",Gizmodo Deals,"This Is the Cheapest Apple Watch Ever, Amazon Is Going Completely Nuts for Prime Day","At this price, it’s a deal on an Apple Watch you won’t find anywhere else.",https://gizmodo.com/this-is-the-cheapest-apple-watch-ever-amazon-is-going-completely-nuts-for-prime-day-2000624607,https://gizmodo.com/app/uploads/2025/07/apple-watch-se-2nd-gen-1200x675.jpg,2025-07-06T17:17:20Z,"Apple has no true competition in the smartwatch world, especially if youre an iPhone user. While there are a few different models to choose from, the most affordable entry into the Apple Watch univer… [+2306 chars]"
"{'id': None, 'name': 'Gizmodo.com'}",James Pero,Nothing Headphone 1 Review: Not AirPods Max In the Best Way Possible,"Nothing's Headphone 1 look cool, sound good, and give Apple a run for its money.",https://gizmodo.com/nothing-headphone-1-review-not-airpods-max-in-the-best-way-possible-2000622184,https://gizmodo.com/app/uploads/2025/07/nothing-headphone-review-0-1200x675.jpg,2025-07-01T17:42:50Z,"What do you want out of a pair of over-ear headphones? No, really. Like, whatdo you want? I don’t mean that as a challenge; I mean that as a threat. Personal audio is a serious thing, and you need to… [+13177 chars]"
"{'id': None, 'name': 'Gizmodo.com'}",Cheryl Eddy,"Pilou Asbæk on Playing the Mule, ‘Foundation’ Season 3’s Terrifying Villain",The Mule arrives ready to spark some major chaos on Apple TV+'s Isaac Asimov adaptation.,https://gizmodo.com/pilou-asbaek-on-playing-the-mule-foundation-season-3s-terrifying-villain-2000622270,https://gizmodo.com/app/uploads/2025/06/TheMuleinterview-1200x675.jpg,2025-07-04T21:00:21Z,"Long before joining Apple TV+ series Foundation as the Muleseason three‘s ruthless, flamboyant, and deeply complicated villainPilou Asbæk already had a fan base of genre TV watchers. He played Euron … [+4201 chars]"
"{'id': None, 'name': 'Gizmodo.com'}",Gizmodo,"Forget Spotify, Here’s How to Get Amazon Music Unlimited For FREE Thanks to Prime Day",Enjoy 3 free months of the top competitor to Apple Music and Spotify.,https://gizmodo.com/forget-spotify-heres-how-to-get-amazon-music-unlimited-free-for-3-months-2000624903,https://gizmodo.com/app/uploads/2025/07/amazon-musicunlimited-1200x675.jpg,2025-07-07T12:35:41Z,"Amazon’s Prime Day is its biggest shopping day of the year and the discounts stretch far beyond physical products. One of the best offers this year is on Amazon Music Unlimited, Amazon’s streaming se… [+2475 chars]"
"{'id': None, 'name': 'Gizmodo.com'}",Jason Coles,Apple 13.3-Inch MacBook Air Is Going for Peanuts Thanks to 79% Off on a Grade-A Refurbished Deal,Enjoy all of the power of the Apple MacBook Air at a fraction of the price.,https://gizmodo.com/apple-13-3-inch-macbook-air-is-going-for-peanuts-thanks-to-79-off-on-a-grade-a-refurbished-deal-2000620174,https://gizmodo.com/app/uploads/2025/06/apple-deal-1200x675.jpg,2025-06-26T21:10:01Z,Are you a creative sort who’d love to get an Apple MacBook Air but always wince when they see the price of it? You’re not alone. It’s no secret that Apple makes truly exceptional products when it com… [+2126 chars]
"{'id': None, 'name': 'Gizmodo.com'}",Cheryl Eddy,‘Foundation’ Season 3 Digs Into What It’s Like for a Robot to Have an Existential Crisis,Laura Birn reflects on Demerzal's new dilemma ahead of the show's return to Apple TV+.,https://gizmodo.com/foundation-season-3-digs-into-what-its-like-for-a-robot-to-have-an-existential-crisis-2000620931,https://gizmodo.com/app/uploads/2025/06/Foundation_LauraBirn-1200x675.jpg,2025-07-01T19:45:02Z,"Foundation, Apple TV+’s adaptation of the famed Isaac Asimov novels, takes place in a galaxy facing an imminent, mathematically predicted age of darkness. It’s troubling, especially for Empire, the g… [+3802 chars]"
"{'id': 'the-verge', 'name': 'The Verge'}",Emma Roth,Apple’s second-generation Vision Pro might launch this year,"Apple is preparing to launch its next Vision Pro headset “as early as this year,” according to a report from Bloomberg’s Mark Gurman. The upcoming device will reportedly feature an upgraded M4 processor, along with a redesigned strap to combat neck and head p…",https://www.theverge.com/news/703364/apple-vision-pro-second-gen-release-rumor,https://platform.theverge.com/wp-content/uploads/sites/2/2025/07/246965_vision_pro_VPavic_0265.webp?quality=90&strip=all&crop=0%2C10.732984293194%2C100%2C78.534031413613&w=1200,2025-07-09T20:15:11Z,"The headset could come with an upgraded M4 chip, according to a report from Bloomberg.
Apple is preparing to launch its next Vision Pro headset as early as this year, according to a report from Bloo… [+1554 chars]"
"{'id': 'the-verge', 'name': 'The Verge'}",Adi Robertson,Here are the letters that convinced Google and Apple to keep TikTok online,"A Freedom of Information Act request has produced letters that the US Department of Justice sent to Google, Apple, Amazon, and several other companies in order to assuage their concerns about breaking a law that banned US web services from working with TikTok…",https://www.theverge.com/tiktok/697982/trump-tiktok-ban-apple-google-letters-pam-bondi,https://platform.theverge.com/wp-content/uploads/sites/2/2025/07/gettyimages-2222469463.jpg?quality=90&strip=all&crop=0%2C10.736627211434%2C100%2C78.526745577133&w=1200,2025-07-03T21:26:55Z,"Trumps Justice Department promised to release tech giants from legal liability to stop them from banning TikTok.
A Freedom of Information Act request has produced letters that the US Department of J… [+1956 chars]"
"{'id': None, 'name': 'Gizmodo.com'}",Mike Fazioli,"Apple Slashes M4 Mac Mini Price Way Below Black Friday, Feels Like a Surprise Clearout Sale on Amazon","Apple's famous little desktop computer now comes with a huge upgrade, including iPhone mirroring and Apple Intelligence.",https://gizmodo.com/apple-slashes-2024-m4-mac-mini-price-below-black-friday-feels-like-a-surprise-clearout-sale-amazon-2000616685,https://gizmodo.com/app/uploads/2025/06/Mac-Mini-2024-1200x675.jpg,2025-06-19T12:16:18Z,"The Mac Mini blew away the computing world when it debuted in 2005 a Mac desktop computer with all of the processing power and cool features of its larger siblings, but at a fraction of the size. In … [+2209 chars]"
"{'id': None, 'name': 'Gizmodo.com'}",Gizmodo Deals,"Galaxy Watch 7 Is Almost Free, Amazon Clears Out Samsung Watches on Prime Day","If you have an Android phone, the Galaxy Watch 7 costs three times less than an Apple Watch.",https://gizmodo.com/galaxy-watch-7-is-almost-free-amazon-clears-out-samsung-watches-on-prime-day-2000626076,https://gizmodo.com/app/uploads/2025/07/watch-7-1200x675.jpg,2025-07-08T19:35:27Z,"Prime Day is a showcase for top electronics brands and this year is no exception. Whether youre an Apple fan, a Samsung enthusiast, or loyal to Microsoft or Sony, theres something for everyone. Samsu… [+2175 chars]"
"{'id': None, 'name': 'Gizmodo.com'}",Cheryl Eddy,"Watch as the Star of ‘Murderbot’ Finally, Begrudgingly Learns How to Speak Human",Get a fun glimpse of the Apple TV+ sci-fi show's seventh episode in this exclusive clip.,https://gizmodo.com/murderbot-episode-7-clip-alexander-skarsgard-apple-2000611497,https://gizmodo.com/app/uploads/2025/06/Murderbot_clip-1200x675.jpg,2025-06-18T13:00:03Z,"As Murderbot fans have realized by now, the titular SecUnit robot would much, much rather check the perimeter or binge-watch trashy soap operas than interact with the humans in its care. Do not expec… [+1305 chars]"
"{'id': None, 'name': 'Gizmodo.com'}",Brittany Vincent,"Apple A17 Pro iPad Mini Has Never Been This Cheap Since Launch, Prime Day Drops It to Its Lowest Price Yet",Now's the time to get a new Apple tablet that can do just about anything you ask it to.,https://gizmodo.com/apple-a17-pro-ipad-mini-has-never-been-this-cheap-since-launch-prime-day-drops-it-to-its-lowest-price-yet-2000624740,https://gizmodo.com/app/uploads/2025/07/ipadminiA17-1200x675.jpg,2025-07-08T11:25:09Z,"If you’ve been searching for the perfect tablet that can handle just about anything you throw at it, an iPad is the best choice you can make. And an iPad is an even better choice to make when you can… [+2169 chars]"
"{'id': None, 'name': 'Gizmodo.com'}",Cheryl Eddy,The ‘Neuromancer’ Show Welcomes You Into Its Neon-Lit Dystopia,The Apple TV+ series based on William Gibson's groundbreaking cyberpunk novel brings the correct vibes to its first teaser.,https://gizmodo.com/neuromancer-apple-tv-trailer-cyberpunk-2000622392,https://gizmodo.com/app/uploads/2025/06/Neuromancer-1200x675.jpg,2025-07-01T19:00:51Z,"This is very much an early lookno actors, no plot teases, just a glimpse of a certain key location in William Gibson‘s cyberpunk tale Neuromancer. But “near-future dystopia by way of 1984” is capture… [+1681 chars]"
"{'id': None, 'name': 'Gizmodo.com'}",Cheryl Eddy,The ‘Murderbot’ Finale Was Note-Perfect,"Alexander Skarsgård’s Apple TV+ sci-fi series came to a poignant yet hopeful finish, with plenty more left to explore.",https://gizmodo.com/murderbot-finale-recap-alexander-skarsgard-apple-tv-2000625145,https://gizmodo.com/app/uploads/2025/07/Murderbottopart-1200x675.jpg,2025-07-11T14:15:45Z,"Murderbot wrapped up its season today, bringing the Apple TV+ adaptation of Martha Wells first Murderbot Diaries story, All Systems Red, to a close. If youve read the 2017 novella, you know the show … [+6096 chars]"
"{'id': None, 'name': 'Gizmodo.com'}",Cheryl Eddy,Alexander Skarsgård Ruined Multiple ‘Murderbot’ Finale Scenes by Crying,Season one ended on a poignant note that proved extra-emotional for the Apple TV+ series star.,https://gizmodo.com/alexander-skarsgard-murderbot-finale-apple-tv-2000628158,https://gizmodo.com/app/uploads/2025/07/MurderbotSad-1200x675.jpg,2025-07-11T19:15:53Z,Season one of Murderbot wrapped up in a way that was sad yet hopefulread io9’s recap herewith the underlying joy for fans that the Apple TV+ series will be returning to adapt more of Martha Wells’ Mu… [+2041 chars]
"{'id': 'the-verge', 'name': 'The Verge'}",Emma Roth,Apple’s 5th Ave store spray-painted to protest ‘climate hypocrisy’,A climate change activist was arrested after spray-painting Apple’s 5th Avenue store as part of a protest against Big Tech’s “climate hypocrisy.” Protestors from the Extinction Rebellion environmental group staged a demonstration at the New York City storefro…,https://www.theverge.com/news/699245/apple-climate-hypocrisy-5th-ave-nyc-store-extinction-rebellion,https://platform.theverge.com/wp-content/uploads/sites/2/2025/07/climate-protest.jpg?quality=90&strip=all&crop=0%2C10.736179071137%2C100%2C78.527641857725&w=1200,2025-07-07T14:11:57Z,"An Extinction Rebellion protester was arrested after spray-painting Tim + Trump = Toxic on Apples New York City storefront.
A climate change activist was arrested after spray-painting Apples 5th Ave… [+2207 chars]"
"{'id': 'the-verge', 'name': 'The Verge'}",Dominic Preston,Belkin is ending support for nearly all its Wemo smart home devices,"Belkin has announced that it’s made the “difficult decision” to end support for almost its entire line of Wemo smart home devices from January 31st, 2026. The only models that will continue to work after that date are those that have been configured through A…",https://www.theverge.com/news/705136/belkin-wemo-smart-home-support-ending-homekit-thread,https://platform.theverge.com/wp-content/uploads/sites/2/chorus/uploads/chorus_asset/file/23226631/jtuohy_220125_5003_0016.jpg?quality=90&strip=all&crop=0%2C10.732984293194%2C100%2C78.534031413613&w=1200,2025-07-11T11:42:02Z,"Wemo hardware will stop working in January 2026 unless its been set up in Apple HomeKit.
Wemo hardware will stop working in January 2026 unless its been set up in Apple HomeKit.
Belkin has announce… [+1422 chars]"
"{'id': 'the-verge', 'name': 'The Verge'}",Jess Weatherbed,Where are the iPhone’s WebKit-less browsers?,"It’s been 16 months since a DMA ruling allowed iOS developers like Google and Mozilla to use their own browser engines in the EU, so…  where are they? According to the Open Web Advocacy (OWA) — a nonprofit group of software engineers that advocates for the op…",https://www.theverge.com/news/706569/apple-ios-iphone-alternative-browser-webkit-owa,https://platform.theverge.com/wp-content/uploads/sites/2/2025/03/STK071_APPLE_P.jpg?quality=90&strip=all&crop=0%2C10.732984293194%2C100%2C78.534031413613&w=1200,2025-07-14T11:35:57Z,"Apples technical and financial hurdles make it unfeasible for browser developers like Google and Mozilla to port their engines to iOS, says OWA.
Its been 16 months since a DMA ruling allowed iOS dev… [+2193 chars]"
"{'id': None, 'name': 'Gizmodo.com'}",Cheryl Eddy,‘Foundation’ Star Lou Llobell on Gaal Dornick’s Season 3 Journey,Gaal wakes from a very long slumber ready for action—and maybe a chance to save the human race—when Apple TV+'s Asimov adaptation returns.,https://gizmodo.com/foundation-star-lou-llobell-on-gaal-dornicks-season-3-journey-2000626300,https://gizmodo.com/app/uploads/2025/07/Foundation_Gaal_Interview-1200x675.jpg,2025-07-10T20:20:42Z,"Foundation returns July 11 to kick off its third season, almost exactly two years since season two began. That’s a while for fans to wait, but nobody understands the agony of patience like central ch… [+4270 chars]"
"{'id': 'the-verge', 'name': 'The Verge'}",Andrew Liszewski,Nomad’s minimalist MagSafe wallet has a tracking card built in,"Nomad already sells a line of leather wallets that can be bundled with the company’s Apple-compatible Tracking Card, allowing them to be located if misplaced. The company’s new Leather Mag Wallet is its first to instead feature the tracker’s electronics built…",https://www.theverge.com/news/691253/nomad-tracking-card-magsafe-leather-mag-wallet-apple-find-my,https://platform.theverge.com/wp-content/uploads/sites/2/2025/06/nomad1.jpg?quality=90&strip=all&crop=0%2C10.740836125969%2C100%2C78.518327748063&w=1200,2025-06-23T17:04:52Z,"Its new Leather Mag Wallet can be located using Apples Find My network if lost.
Its new Leather Mag Wallet can be located using Apples Find My network if lost.
Nomad already sells a line of leather… [+1571 chars]"
"{'id': 'the-verge', 'name': 'The Verge'}",Sheena Vasani,You can get four AirTags for the price of three for Prime Day,"It’s never a bad moment to buy a reliable item location tracker, like an Apple AirTag. People who use an iPhone (or who are buying for someone who does) can buy four of Apple’s AirTags for just $64.99 ($34 off) at Amazon during Prime Day, which is the bundle’…",https://www.theverge.com/tech/698693/apple-airtags-best-buy-amazon-prime-day-deal-sale,https://platform.theverge.com/wp-content/uploads/sites/2/2025/07/vpavic_4547_20210421_0131.webp?quality=90&strip=all&crop=0%2C10.732984293194%2C100%2C78.534031413613&w=1200,2025-07-08T15:03:01Z,"AirTags are the best location traclers for iPhone owners.


It’s never a bad moment to buy a reliable item location tracker, like an Apple AirTag. People who use an iPhone (or who are buying for som… [+1930 chars]"
"{'id': 'the-verge', 'name': 'The Verge'}",Hayden Field,"OpenAI and Jony Ive’s ‘io’ brand has vanished, but their AI hardware deal remains","OpenAI has scrubbed mentions of io, the hardware startup co-founded by famous Apple designer Jony Ive, from its website and social media channels. The sudden change closely follows their recent announcement of OpenAI’s nearly $6.5 billion acquisition and plan…",https://www.theverge.com/news/690858/jony-ive-openai-sam-altman-ai-hardware,https://platform.theverge.com/wp-content/uploads/sites/2/2025/02/STK155_OPEN_AI_2025_CVirgiia_D.jpg?quality=90&strip=all&crop=0%2C10.732984293194%2C100%2C78.534031413613&w=1200,2025-06-22T21:44:27Z,"References to the OpenAI tie-up with former Apple designer Jony Ive have been removed due to a lawsuit.
OpenAI has scrubbed mentions of io, the hardware startup co-founded by famous Apple designer J… [+970 chars]"
"{'id': 'the-verge', 'name': 'The Verge'}",Brandt Ranj,The best fitness tracker and smartwatch Prime Day deals,"Amazon Prime Day is in full swing, and we’ve been particularly struck by the deep discounts on smartwatches and fitness trackers. The Apple Watch Series 10 and Amazfit Active 2, two of the best smartwatches we’ve tested, are down to their lowest prices ever a…",https://www.theverge.com/tech/702080/amazon-prime-day-best-fitness-tracker-smartwatch-deals-2025,https://platform.theverge.com/wp-content/uploads/sites/2/chorus/uploads/chorus_asset/file/25610326/247234_Pixel_Watch_3_AKrales_0346.jpg?quality=90&strip=all&crop=0%2C10.732984293194%2C100%2C78.534031413613&w=1200,2025-07-09T15:20:39Z,"Amazon Prime Day is in full swing, and we’ve been particularly struck by the deep discounts on smartwatches and fitness trackers. The Apple Watch Series 10 and Amazfit Active 2, two of the best smart… [+4978 chars]"
"{'id': None, 'name': 'Gizmodo.com'}",James Pero,A Foldable iPhone Needs to Be At Least This Thin or It’s DOA,"Apple's folding iPhone isn't even real yet, but it already has a very thin bar to meet.",https://gizmodo.com/a-foldable-iphone-needs-to-be-at-least-this-thin-or-its-doa-2000623367,https://gizmodo.com/app/uploads/2025/07/honor-magic-v5-1200x675.jpg,2025-07-02T18:13:43Z,"Feels like just yesterday that folding phones weren’t even a thing, and now we’re somehow drowning in a sea of crease-filled screens. If, like me, you’ve been wondering what else phone makers can off… [+3336 chars]"
"{'id': None, 'name': 'Gizmodo.com'}",Luc Olinga,"After a Decade of Chaos, Google Is Finally Getting Its Act Together","For years, Google's empire was a mess of disconnected gadgets. A new plan to merge Android and ChromeOS aims to finally build a true Apple killer, and the stakes have never been higher",https://gizmodo.com/after-a-decade-of-chaos-google-is-finally-getting-its-act-together-2000629697,https://gizmodo.com/app/uploads/2024/11/google-chrome-antitrust.jpg,2025-07-15T20:37:58Z,"For over a decade, Google has ruled the mobile world in market share but not in power. Android is the most widely used operating system on the planet, yet Apple still controls the conversation, the c… [+4112 chars]"
"{'id': None, 'name': 'MacRumors'}",Juli Clover,Apple Updates Pixelmator Pro With Apple Intelligence Support,"Apple today updated Pixelmator Pro, the drawing and photo editing app that it acquired last year. The new version of Pixelmator Pro incorporates Apple Intelligence features like Writing Tools and Image Playground.





‌Image Playground‌ integration allows Pi…",https://www.macrumors.com/2025/06/30/pixelmator-pro-apple-intelligence/,https://images.macrumors.com/t/BtNZMzU_3_jr-mDK0V_475tifpU=/2000x/article-new/2025/06/pixelmator-pro.jpg,2025-06-30T16:33:32Z,"Apple today updated Pixelmator Pro, the drawing and photo editing app that it acquired last year. The new version of Pixelmator Pro incorporates Apple Intelligence features like Writing Tools and Ima… [+1073 chars]"
"{'id': None, 'name': 'Gizmodo.com'}",Gizmodo Deals,"AirPods 4 Now Priced Like Budget Earbuds, as Amazon Clears Out Stock Without Asking Apple",We never thought we’d see AirPods priced under $100.,https://gizmodo.com/airpods-4-now-priced-like-budget-earbuds-as-amazon-clears-out-stock-without-asking-apple-2000625144,https://gizmodo.com/app/uploads/2024/11/airpods-4.jpg,2025-07-07T18:35:58Z,"Apple has long set the benchmark for wireless earbuds whether youre after active noise cancellation (with the AirPods Pro 2) or prefer a more streamlined experience without ANC. Right now, its the la… [+2018 chars]"
"{'id': None, 'name': 'Gizmodo.com'}",Kyle Barr,"Now That Intel Is Cooked, Apple Doesn’t Need to Release New MacBooks Every Year","We may not see that inevitable M5 MacBook until next year, and that’s totally fine.",https://gizmodo.com/now-that-intels-cooked-apple-doesnt-need-to-release-new-macbooks-every-year-2000628122,https://gizmodo.com/app/uploads/2025/07/macbook-prpo--1200x675.jpg,2025-07-11T14:57:23Z,"Covering tech news, you sometimes feel like the million-mile-per-hour footrace of Silicon Valley will inevitably result in a Wile E. Coyote-style calamity. Theres a part of me that craves a little mo… [+4031 chars]"
"{'id': None, 'name': 'Gizmodo.com'}",Gizmodo Deals,"Apple Is Upset, Amazon Just Announced a Record Low Price on the Latest iPad Mini",This iPad Mini was our very first purchase of Prime Day.,https://gizmodo.com/apple-is-upset-amazon-just-announced-a-record-low-price-on-the-latest-ipad-mini-2000626286,https://gizmodo.com/app/uploads/2025/07/ipadminiA17-1200x675.jpg,2025-07-09T00:40:23Z,"Apple is always under pressure on Prime Day and this year is no different, particularly as far as their tablets are concerned. The iPad, iPad Air, and iPad Mini are all getting major reductions altho… [+2021 chars]"
"{'id': None, 'name': 'MacRumors'}",Juli Clover,Apple Joins Threads,"Apple appears to have joined Meta-owned social media site Threads, two years after Threads first launched. Apple has a verified Threads profile and the @apple handle, but has yet to make any posts. Apple's account has 4.8 million followers, because of its exi…",https://www.macrumors.com/2025/07/02/apple-joins-threads/,https://images.macrumors.com/t/yw_78fO7YoaJL9ojy_Tcg-hvnB8=/1600x/article-new/2023/07/instagram-threads-app.jpg,2025-07-03T00:19:33Z,"Apple appears to have joined Meta-owned social media site Threads, two years after Threads first launched. Apple has a verified Threads profile and the @apple handle, but has yet to make any posts. A… [+600 chars]"
"{'id': 'the-verge', 'name': 'The Verge'}",Tom Warren,Here’s what Mac you need for Cyberpunk 2077,"Cyberpunk 2077 is launching on macOS tomorrow, and CD Projekt Red is now sharing details on exactly what Mac you’ll need to get the most out of the game. While Cyberpunk 2077 has been optimized for a variety of Macs, from early M1 models up, if you want the t…",https://www.theverge.com/news/708100/cyberpunk-2077-mac-system-requirements-modes-ray-tracing,https://platform.theverge.com/wp-content/uploads/sites/2/2025/07/k3cQ7LAZwdisQH25ygxYiT.png?quality=90&strip=all&crop=0%2C8.1151832460733%2C100%2C83.769633507853&w=1200,2025-07-16T10:57:47Z,"Youll need an M3 or newer chip for ray tracing modes.
Cyberpunk 2077 is launching on macOS tomorrow, and CD Projekt Red is now sharing details on exactly what Mac youll need to get the most out of t… [+2271 chars]"
"{'id': None, 'name': 'Gizmodo.com'}",Jason Coles,"Apple’s 2025 MacBook Air With M4 Chip Hits All-Time Low, Limited Units Available for Early Prime Day",Get creative on the go with a lovely 15% discount on one of the best laptops around.,https://gizmodo.com/apples-2025-macbook-air-with-m4-chip-hits-all-time-low-limited-units-available-for-early-prime-day-2000617418,https://gizmodo.com/app/uploads/2025/06/macbook-deal-1200x675.jpg,2025-06-19T13:10:17Z,"We all know that Apple makes some of the best tech around. It doesn’t matter what category you’re looking at either; if there’s an Apple product in it, it’s almost definitely one of the best options.… [+2142 chars]"
"{'id': None, 'name': 'Gizmodo.com'}",Gizmodo Deals,"Amazon Sells the 2025 MacBook Air Without a Profit Margin, Now Much Cheaper Than on Apple’s Official Site",No one expected the MacBook Air M4 at this price just three months after launch.,https://gizmodo.com/amazon-sells-the-2025-macbook-air-without-a-profit-margin-now-much-cheaper-than-on-apples-official-site-2000620414,https://gizmodo.com/app/uploads/2025/05/macbook-air-2025-midnight-1200x675.jpg,2025-06-25T20:51:52Z,"Apple stands out as one of the most premium brands, regularly launching updated versions of its popular MacBook Air. To protect its image, Apple almost never cuts prices on new modelsespecially right… [+2285 chars]"
"{'id': None, 'name': 'Gizmodo.com'}",Gizmodo Deals,"If You’re a Prime Member, the 2024 Mac Mini Hits a New All-Time Low with This Hidden Coupon","If I had to choose just one mini desktop computer, it would be the Mac Mini M4.",https://gizmodo.com/if-youre-a-prime-member-the-2024-mac-mini-hits-a-new-all-time-low-with-this-hidden-coupon-2000625829,https://gizmodo.com/app/uploads/2024/10/Apple-Mac-mini-hero.jpg,2025-07-08T18:35:34Z,"Everyone is scrambling to get their hands on the new Mac Mini which was released in November. You can find it for $599 by default but on occasion, you’ll see it go for $550 on sale.
This Prime Day, … [+2082 chars]"
"{'id': None, 'name': 'MacRumors'}",Tim Hardwick,Apple Considers Using Generative AI for Faster Apple Silicon Design,"Apple is investigating generative AI to accelerate its custom chip design, according to remarks by hardware chief Johny Srouji last month.





Srouji outlined the company's interest in AI-assisted chip design during a speech in Belgium, where he received an …",https://www.macrumors.com/2025/06/19/apple-considers-using-ai-silicon-design/,https://images.macrumors.com/t/J46PnqFon6uZq7AZIAThCrBf36g=/2500x/article-new/2024/04/apple-silicon-feature-joeblue.jpg,2025-06-19T11:01:04Z,"Apple is investigating generative AI to accelerate its custom chip design, according to remarks by hardware chief Johny Srouji last month.
Srouji outlined the company's interest in AI-assisted chip … [+1569 chars]"
"{'id': None, 'name': 'MacRumors'}",Hartley Charlton,Apple Account Card Expanding to More Countries,"Apple is expanding the ability to add an Apple Account Card to the Wallet app to more countries, according to backend Apple Pay changes.





With iOS 15.5, Apple updated the Wallet app to allow users to add an Apple Account Card, which displays the Apple cre…",https://www.macrumors.com/2025/07/08/apple-account-card-expanding-to-more-countries/,https://images.macrumors.com/t/5H910MlfjSMrvC6VqXrVlothprc=/2048x/article-new/2022/05/apple-account-card-feature.jpg,2025-07-09T02:34:17Z,"Apple is expanding the ability to add an Apple Account Card to the Wallet app to more countries, according to backend Apple Pay changes.
With iOS 15.5, Apple updated the Wallet app to allow users to… [+993 chars]"
"{'id': None, 'name': 'Gizmodo.com'}",Gizmodo Deals,"Apple Didn’t Approve, but Amazon Clears Out AirPods Pro 2 at a Record Low for Prime Day",They officially cost as little as budget earbuds.,https://gizmodo.com/apple-didnt-approve-but-amazon-is-clearing-out-airpods-pro-2-at-a-record-low-prime-day-2000624565,https://gizmodo.com/app/uploads/2024/11/airpods-pro-2-apple.jpg,2025-07-09T13:41:07Z,"AirPods Pro 2 are in stores just a year but already they set the benchmark by which other wireless earbuds with active noise cancellation are judged. On the subject of sound quality, nothing else com… [+2871 chars]"
"{'id': 'wired', 'name': 'Wired'}",Adrienne So,9 Best Prime Day Fitness Tracker Deals and Smart Ring Sales (2025),It’s summer and we're ready to run around like crazy. The best Prime Day fitness tracker deals will help you do that. We’ve even got sales on smart rings like the Oura.,https://www.wired.com/story/prime-day-tracker-and-ring-2025-1/,"https://media.wired.com/photos/68682f6f3b60abef14943c3a/191:100/w_1280,c_limit/11.jpg",2025-07-09T09:14:43Z,"In the northern hemisphere, it's hard to not spend the winter in a state of slumbering sloth, just waiting for sunshine and good times to start again. Conveniently, Prime Day fitness tracker deals (a… [+4804 chars]"
"{'id': None, 'name': 'Gizmodo.com'}",James Pero,"Welp, Looks Like It’s Time for Tim Cook to Finally Do Something",It's time for Timmy to get cooking.,https://gizmodo.com/welp-looks-like-its-time-for-tim-cook-to-finally-do-something-2000626623,https://gizmodo.com/app/uploads/2025/07/timcookpic-1200x675.jpg,2025-07-09T18:19:04Z,"There are a lot of normal ways that I assume Tim Cook was informed of Apple COO Jeff Williams’ departure, but I like to think it was a surprise. Not just any surprise either. I’m talking more like be… [+3483 chars]"
"{'id': None, 'name': 'Gizmodo.com'}",Brittany Vincent,"Apple Watch Series 10 Is Going for Peanuts Compared to Previous Prices, Lowest Price With Limited Stock","Live your life from your wrist, no matter what it is you have to do from day to day.",https://gizmodo.com/apple-watch-series-10-is-going-for-peanuts-compared-to-previous-prices-lowest-price-with-limited-stock-2000623536,https://gizmodo.com/app/uploads/2025/07/apwatchseries10-1200x675.jpg,2025-07-03T14:10:41Z,"When you wear a smartwatch on your wrist, you know how easy it is to go about your day. Everything flows seamlessly from one moment to the next. You get a call, you answer it from your wrist. You nee… [+2080 chars]"
"{'id': 'the-verge', 'name': 'The Verge'}",Jess Weatherbed,NFC is getting a range boost,"The next version of the Near Field Communication (NFC) standard aims to make it easier to make payments, pair devices, and unlock doors using your phone or smartwatch. The most notable improvement is a boost to the distance of contactless connections from 0.5…",https://www.theverge.com/news/689281/nfc-15-update-tap-to-pay-range-boost,https://platform.theverge.com/wp-content/uploads/sites/2/2025/06/gettyimages-2219894004.jpg?quality=90&strip=all&crop=0%2C9.3194848077075%2C100%2C81.361030384585&w=1200,2025-06-18T16:12:11Z,"Tap-to-pay wont actually require a tap soon thanks to extended NFC range capabilities. | Image: Leonie Asendorpf/picture alliance via Getty Images


The next version of the Near Field Communication … [+1632 chars]"
"{'id': None, 'name': 'Gizmodo.com'}",Gizmodo Deals,"If You’re a Prime Member, Amazon Is Including 2 Free AirTags for Prime Day","During Amazon Prime Day, you can pick up 4 AirTags for the price you’d normally pay for just 2.",https://gizmodo.com/if-youre-a-prime-member-amazon-is-including-2-free-airtags-for-prime-day-2000624803,https://gizmodo.com/app/uploads/2024/10/airtag-apple.jpg,2025-07-07T13:25:05Z,"Apple is famously strict about discounts, and it rarely offers price drops even on the most affordable products. If you have to buy an AirTag, you’ll usually pay $29 each on Apple’s website.
But thi… [+2391 chars]"
"{'id': None, 'name': 'MacRumors'}",Joe Rossignol,New Apple Store Coming Soon on Long Island,"Apple today announced that its store at Roosevelt Field in Garden City, New York will be reopening ""soon,"" following extensive renovations.





The store has been closed since November, with Apple operating out of a temporary location on the west side of the…",https://www.macrumors.com/2025/06/26/new-apple-store-coming-soon-on-long-island/,https://images.macrumors.com/t/hexPG0vXXJ3WG8Wkg0MxrYp-u7Q=/1920x/article-new/2025/06/Apple-Store-Genius-Bar-Pickup.jpg,2025-06-26T13:47:34Z,"Apple today announced that its store at Roosevelt Field in Garden City, New York will be reopening ""soon,"" following extensive renovations.
The store has been closed since November, with Apple opera… [+850 chars]"
"{'id': None, 'name': 'MacRumors'}",Joe Rossignol,Chase Sapphire Reserve Card Offering New Apple Perk With $250 Value,"Chase this week announced a series of new perks for its premium Sapphire Reserve credit card, and one of them is for a pair of Apple services.





Specifically, the credit card now offers complimentary annual subscriptions to Apple TV+ and Apple Music, a val…",https://www.macrumors.com/2025/06/25/chase-sapphire-reserve-apple-perk/,https://images.macrumors.com/t/EoplYanM6DZ_EEnuVeBDvuC6j7I=/2500x/article-new/2025/06/Chase-Sapphire-Reserve-Apple-Perk-Feature.jpg,2025-06-25T21:08:40Z,"Chase this week announced a series of new perks for its premium Sapphire Reserve credit card, and one of them is for a pair of Apple services.
Specifically, the credit card now offers complimentary … [+1257 chars]"
"{'id': None, 'name': 'MacRumors'}",Hartley Charlton,Apple Music Debuts All-New Personalized Playlist,"As part of its 10-year celebrations of Apple Music, Apple today released an all-new personalized playlist that collates your entire listening history. 





The playlist, called ""Replay All Time,"" expands on Apple Music's existing Replay features. Previously,…",https://www.macrumors.com/2025/06/30/apple-music-debuts-all-new-personalized-playlist/,https://images.macrumors.com/t/Z4cXp_q27MwuDk6BJfMF7xepDBk=/1600x/article-new/2025/06/replay-all-time-playlist-apple-music.jpg,2025-06-30T14:16:20Z,"As part of its 10-year celebrations of Apple Music, Apple today released an all-new personalized playlist that collates your entire listening history. 
The playlist, called ""Replay All Time,"" expand… [+609 chars]"
"{'id': None, 'name': 'Gizmodo.com'}",Gizmodo Deals,"This MacBook Air Is Selling at Half the Price of a MacBook Pro, Amazon Clears Out Prime Day Stock",We also bought a 2025 MacBook Air during this Prime Day.,https://gizmodo.com/this-macbook-air-is-selling-at-half-the-price-of-a-macbook-pro-amazon-clears-out-prime-day-stock-2000626255,https://gizmodo.com/app/uploads/2025/05/2025-Macbook-Air-1200x675.jpg,2025-07-08T23:40:42Z,"Apple has come a significant distance in reducing the MacBook Air’s price, and Amazon is pushing the value even harder on Prime Day.
As things stand now, Prime members can acquire the 2025 MacBook A… [+2304 chars]"
"{'id': None, 'name': 'MacRumors'}",Joe Rossignol,"Apple Celebrates New Store in Perth, Australia With a Special Wallpaper","Apple today announced that it will soon be opening a new retail store at Forrest Place, a pedestrianized area in the heart of Perth, Australia.





The store will be in a historic building originally built for the Commonwealth Bank of Australia, at the corne…",https://www.macrumors.com/2025/06/19/new-apple-store-forrest-place-perth-australia/,https://images.macrumors.com/t/UCHrYm8mmLmOnpgWbHGiJM7nSWo=/1920x/article-new/2025/06/Apple-Store-Perth-Wallpaper.jpg,2025-06-20T03:17:22Z,"Apple today announced that it will soon be opening a new retail store at Forrest Place, a pedestrianized area in the heart of Perth, Australia.
The store will be in a historic building originally bu… [+914 chars]"
"{'id': None, 'name': 'MacRumors'}",Juli Clover,DOJ's iPhone Monopoly Case Against Apple Moves Forward,"Apple failed in its attempt to get the antitrust lawsuit that the U.S. Department of Justice filed against it dismissed, reports Reuters. U.S. District Judge Julien Neals, who is overseeing the case, today denied Apple's motion for dismissal.





Apple asked…",https://www.macrumors.com/2025/06/30/doj-apple-antitrust-case-dismissal-denied/,https://images.macrumors.com/t/4pW4bOoAEoSVo5KIJv-hK1K2H1I=/2500x/article-new/2024/03/Apple-vs-DOJ-Feature.jpg,2025-06-30T19:44:00Z,"Apple failed in its attempt to get the antitrust lawsuit that the U.S. Department of Justice filed against it dismissed, reports Reuters. U.S. District Judge Julien Neals, who is overseeing the case,… [+1764 chars]"
"{'id': None, 'name': 'MacRumors'}",Juli Clover,Warning: watchOS 26 Beta 2 Crashes Apple's Expensive Hermès Watches,"If you have an Hermès Apple Watch model, you're going to want to avoid installing watchOS 26 beta 2.





According to Apple's release notes for the update, the beta causes the Apple Watch Hermès to crash continually. Apple says that Hermès Apple Watch owners…",https://www.macrumors.com/2025/06/25/watchos-26-hermes-crash-issue/,https://images.macrumors.com/t/S-DOTqbp9IdQafdPJnazT7xSX6Y=/2500x/article-new/2025/03/hermes-spring-bands-1.jpeg,2025-06-25T18:56:39Z,"If you have an Hermès Apple Watch model, you're going to want to avoid installing watchOS 26 beta 2.
According to Apple's release notes for the update, the beta causes the Apple Watch Hermès to cras… [+945 chars]"
"{'id': None, 'name': 'Gizmodo.com'}",Cheryl Eddy,Good News: Two of Apple TV+’s Most Slept-On Sci-Fi Shows Have Hopeful Plans for More,Executive producer David Goyer weighs in on the future of 'Foundation' and 'Murderbot.',https://gizmodo.com/murderbot-season-2-foundation-season-2-david-goyer-apple-2000618984,https://gizmodo.com/app/uploads/2025/06/Murderbot_Hug-1200x675.jpg,2025-06-23T16:15:27Z,"If you’re a sci-fi fan, you really must check out Apple TV+streaming home of so many of the best genre shows right now. Two standouts happen to have the same executive producer among their credits: D… [+2533 chars]"
"{'id': None, 'name': 'Gizmodo.com'}",Mike Fazioli,AirPods Pro 2 Are Back at Their Lowest Price as Apple Clears Out Limited Stock on Amazon,"Enhanced noise cancellation and personalized spatial audio make these Apple's best AirPods yet, and they're $80 off while this Amazon deal is live.",https://gizmodo.com/airpods-pro-2-are-back-at-their-lowest-price-as-apple-clears-out-limited-stock-on-amazon-2000617233,https://gizmodo.com/app/uploads/2025/01/AirPods-2-Pro-1200x675.jpg,2025-06-18T12:10:04Z,Scoring a huge deal on Apple’s top-rated AirPods Pro 2 wireless earbuds is a matter of timing. There’s a 32% off deal that drops on Amazon which brings the price of these state of the art earbuds dow… [+2232 chars]
"{'id': None, 'name': 'Gizmodo.com'}",Brittany Vincent,"Apple AirPods Max Have Never Been This Cheap, Even Compared to Black Friday, Thanks to Prime Day","If you're ready to see what Apple's over-the-ear headphones are like, now's the time to buy.",https://gizmodo.com/editing-level-up-your-listening-experience-with-airpods-max-for-over-20-off-2000626405,https://gizmodo.com/app/uploads/2025/07/airpodsmax-2-1200x675.jpg,2025-07-09T14:50:49Z,"Theres a certain kind of listening experience that sticks with you. Its the moment a favorite song sounds clearer, fuller, more alive than it ever has before. You know you’re listening to a tune or a… [+2187 chars]"
"{'id': 'wired', 'name': 'Wired'}",Simon Hill,The 22 Best Non–Prime Day Deals From Retailers That Are Not Amazon,"Amazon doesn’t have a monopoly on deals. Forget Prime Day with tempting tech deals from Walmart, Target, and other retailers.",https://www.wired.com/story/best-prime-day-deals-from-other-retailers-1/,"https://media.wired.com/photos/68700cad2a9a2be409b4421d/191:100/w_1280,c_limit/prime--day-target-gear-2221028737.jpg",2025-07-11T22:38:31Z,"Prime Day started as a one-day sale, but Amazon has expanded it to nearly a week in its pursuit of absolute ecommerce dominance. We were all sucked in by fast shipping and low prices, but if youre wa… [+5441 chars]"
"{'id': None, 'name': 'MacRumors'}",Joe Rossignol,New Apple TV Expected Later This Year With These New Features,"A new Apple TV is expected to be released later this year, and a handful of new features and changes have been rumored for the device.





Below, we recap what to expect from the next Apple TV, according to rumors.



Rumors

Faster Wi-Fi Support

The next A…",https://www.macrumors.com/2025/07/12/new-apple-tv-rumors/,https://images.macrumors.com/t/GAyquGnnVSnhxBeZ-t47PVsJQ04=/2500x/article-new/2024/06/apple-tv-4k-new-orange.jpg,2025-07-12T22:09:24Z,"A new Apple TV is expected to be released later this year, and a handful of new features and changes have been rumored for the device.
Below, we recap what to expect from the next Apple TV, accordin… [+3753 chars]"
"{'id': None, 'name': 'MacRumors'}",Joe Rossignol,Apple Watch Ultra 3: What to Expect,"The long wait for an Apple Watch Ultra 3 is nearly over, and a handful of new features and changes have been rumored for the device.





Below, we recap what to expect from the Apple Watch Ultra 3:<ul><li>Satellite connectivity for sending and receiving text…",https://www.macrumors.com/2025/07/13/apple-watch-ultra-3-two-rumored-upgrades/,https://images.macrumors.com/t/RdbYQo8geJeeGtMJCti_NSWhfcg=/1600x/article-new/2025/06/Apple-Watch-Ultra-2-Complications.jpg,2025-07-13T17:30:00Z,"The long wait for an Apple Watch Ultra 3 is nearly over, and a handful of new features and changes have been rumored for the device.
Below, we recap what to expect from the Apple Watch Ultra 3:
Las… [+231 chars]"
"{'id': None, 'name': 'MacRumors'}",Mitchel Broussard,Amazon Takes Up to $100 Off Huge Collection of Apple Watch SE/Series 10 Models,"Amazon today is offering numerous discounts on Apple Watch Series 10 and Apple Watch SE, including both GPS and cellular models. These deals are being matched at Best Buy in most cases, and if you're looking for bands to go with a new Apple Watch be sure to c…",https://www.macrumors.com/2025/06/28/amazon-100-off-apple-watch/,https://images.macrumors.com/t/xzwAZq5I20lUWgo_HFBTjghHnh0=/2500x/article-new/2025/05/apple-watch-10-purple.jpeg,2025-06-28T14:08:18Z,"Amazon today is offering numerous discounts on Apple Watch Series 10 and Apple Watch SE, including both GPS and cellular models. These deals are being matched at Best Buy in most cases, and if you're… [+1413 chars]"
"{'id': 'the-verge', 'name': 'The Verge'}",David Pierce,What a set of knockoff headphones taught me about headphones — and knockoffs,"As a rule, you should never believe anything you see on social media. And you should really never believe anything someone says in a video with a TikTok Shop link, because they are nakedly trying to sell you something. From candy to headphones to supplements …",https://www.theverge.com/gadgets/691928/tiktok-shop-picun-f8-airpods-max-headphones,https://platform.theverge.com/wp-content/uploads/sites/2/2025/05/257738_Airpods_Max_vs_Dupe_AKrales_0005.jpg?quality=90&strip=all&crop=0%2C10.732984293194%2C100%2C78.534031413613&w=1200,2025-06-24T13:57:38Z,"What a set of knockoff headphones taught me about headphones and knockoffs
My Picun F8 Pros are not as good as the AirPods Max. But theyre much cheaper and constantly on sale.
What a set of knockof… [+7220 chars]"
"{'id': None, 'name': 'MacRumors'}",Joe Rossignol,Apple Card Offering Limited-Time Welcome Bonus,"Applying for an Apple Card can score you some bonus money for a limited time.





Now through July 7, customers who apply for an Apple Card will receive $100 in extra Daily Cash when they spend $500 or more within the first 60 days of opening the account. Yo…",https://www.macrumors.com/2025/06/18/apple-card-welcome-bonus/,https://images.macrumors.com/t/FQB1rAk-8A5mkMsEQt261I-QL0Y=/2049x/article-new/2025/01/Apple-Card-iPhone-16-Pro-Feature.jpg,2025-06-18T20:18:21Z,"Applying for an Apple Card can score you some bonus money for a limited time.
Now through July 7, customers who apply for an Apple Card will receive $100 in extra Daily Cash when they spend $500 or … [+976 chars]"
"{'id': 'the-verge', 'name': 'The Verge'}",Emma Roth,Google tests real-time AI voice chats in Search,"Google is building Search Live into AI Mode, allowing you to have a back-and-forth voice conversation with the company’s AI chatbot right from its search engine. The test, which is rolling out now to Labs users in the US, currently doesn’t support camera-shar…",https://www.theverge.com/news/689212/google-search-live-ai-mode-test,https://platform.theverge.com/wp-content/uploads/sites/2/2025/06/google-search-live-in-search.png?quality=90&strip=all&crop=0%2C12.001349435904%2C100%2C75.997301128191&w=1200,2025-06-18T15:48:03Z,"Search Live is coming to AI Mode but youll only be able to interact with it using your voice for now.
Google is building Search Live into AI Mode, allowing you to have a back-and-forth voice convers… [+2072 chars]"
"{'id': None, 'name': 'MacRumors'}",Juli Clover,Apple Working on ChatGPT-Style AI Assistant for Customer Support,"Apple appears to be developing an AI-based ""Support Assistant"" for the Apple Support app. Signs of the feature were found in Apple code by MacRumors contributor Aaron Perris, but the Support Assistant doesn't appear to be live in the app as of yet.





Apple…",https://www.macrumors.com/2025/07/08/apple-support-assistant/,https://images.macrumors.com/t/hRtyIsD0YLlMa26vgMiRg69_5HE=/2250x/article-new/2023/08/Apple-Support-App-General-Feature.jpg,2025-07-08T22:05:17Z,"Apple appears to be developing an AI-based ""Support Assistant"" for the Apple Support app. Signs of the feature were found in Apple code by MacRumors contributor Aaron Perris, but the Support Assistan… [+1687 chars]"
"{'id': 'the-verge', 'name': 'The Verge'}",Barbara Krasnoff,The 10 Prime Day deals that are most popular with Verge readers,"It may not surprise anyone who is tech-aware that publications such as The Verge track the affiliate links that are clicked by their readers — in fact, every article that links to a vendor has this statement on top: “If you buy something from a Verge link, Vo…",https://www.theverge.com/tech/701278/amazon-prime-day-2025-popular-products-verge-readers,https://platform.theverge.com/wp-content/uploads/sites/2/2025/06/DSCF0048.webp?quality=90&strip=all&crop=0%2C10.732984293194%2C100%2C78.534031413613&w=1200,2025-07-09T14:40:27Z,"It may not surprise anyone who is tech-aware that publications such as The Verge track the affiliate links that are clicked by their readers — in fact, every article that links to a vendor has this s… [+6831 chars]"
"{'id': None, 'name': 'MacRumors'}",Joe Rossignol,"Apple Arcade Receives Four More Games, Including Angry Birds Bounce","Four more games were added to Apple Arcade today, including a new Angry Birds title.





Angry Birds Bounce is a new take on the iconic Angry Birds game, which has received more than a billion downloads over the years. The new edition combines classic Angry …",https://www.macrumors.com/2025/07/03/apple-arcade-angry-birds-bounce-now-out/,https://images.macrumors.com/t/qQuJfqiVrTC4pqEAxyawLRsXQis=/1960x/article-new/2025/06/Angry-Birds-Bounce.jpg,2025-07-03T15:14:42Z,"Four more games were added to Apple Arcade today, including a new Angry Birds title.
Angry Birds Bounce is a new take on the iconic Angry Birds game, which has received more than a billion downloads… [+1247 chars]"
"{'id': None, 'name': 'MacRumors'}",Joe Rossignol,Apple Watch Ultra 3 Launching Later This Year With Two Key Upgrades,"The long wait for an Apple Watch Ultra 3 appears to be nearly over, and it is rumored to feature both satellite connectivity and 5G support.



Apple Watch Ultra's existing Night Mode

In his latest Power On newsletter, Bloomberg's Mark Gurman said that the A…",https://www.macrumors.com/2025/07/02/apple-watch-ultra-3-on-track-for-this-year/,https://images.macrumors.com/t/8ZjF47qU9HtmT2xFsWqBPKsvt-Y=/1800x/article-new/2025/07/Apple-Watch-Ultra-Night-Mode-Screen.jpg,2025-07-02T20:13:35Z,"The long wait for an Apple Watch Ultra 3 appears to be nearly over, and it is rumored to feature both satellite connectivity and 5G support.
In his latest Power On newsletter, Bloomberg's Mark Gurma… [+1140 chars]"
"{'id': None, 'name': 'MacRumors'}",Juli Clover,Apple Releases iOS 18.6 Public Beta,"Apple today seeded the first betas of upcoming iOS 18.6 and iPadOS 18.6 updates to public beta testers, with the betas coming just a few days after Apple provided the betas to developers.





Testers who have signed up for beta updates through Apple's beta s…",https://www.macrumors.com/2025/06/18/apple-releases-ios-18-6-public-beta/,https://images.macrumors.com/t/yss4k6jWqFSi8YxrvqpuqbQVbEI=/2500x/article-new/2025/03/iOS-18.6-Feature-Real-Mock.jpg,2025-06-18T17:24:28Z,"Apple today seeded the first betas of upcoming iOS 18.6 and iPadOS 18.6 updates to public beta testers, with the betas coming just a few days after Apple provided the betas to developers.
Testers wh… [+689 chars]"
"{'id': None, 'name': 'MacRumors'}",Juli Clover,Apple Seeds Second Beta of macOS Tahoe,"Apple today provided developers with the second beta of macOS Tahoe 26 for testing purposes, with the update coming two weeks after the first beta was released following WWDC.





Registered developers can download the new beta software through the System Se…",https://www.macrumors.com/2025/06/23/apple-seeds-macos-tahoe-beta-2/,https://images.macrumors.com/t/i2UaxYd6Fxox9ao16W5WNas3REY=/1600x/article-new/2025/06/macos-tahoe.jpg,2025-06-23T17:08:15Z,"Apple today provided developers with the second beta of macOS Tahoe 26 for testing purposes, with the update coming two weeks after the first beta was released following WWDC.
Registered developers … [+674 chars]"
"{'id': None, 'name': 'MacRumors'}",Hartley Charlton,Google Launches Calendar App for Apple Watch,"Google has released a new Apple Watch app for Google Calendar, bringing its native calendar and task functionality to watchOS for the first time.





As of version 25.24.1, users can now access a dedicated Apple Watch app that displays a simplified overview …",https://www.macrumors.com/2025/06/30/google-launches-calendar-app-for-apple-watch/,https://images.macrumors.com/t/EyQ5dRG_EwNXQkwpFGlxiyQGa5g=/1600x/article-new/2025/06/google-calendar-apple-watch.jpg,2025-06-30T15:44:06Z,"Google has released a new Apple Watch app for Google Calendar, bringing its native calendar and task functionality to watchOS for the first time.
As of version 25.24.1, users can now access a dedica… [+1285 chars]"
"{'id': None, 'name': 'MacRumors'}",Juli Clover,Apple to Upgrade Vision Pro in Two Ways Later This Year,"Apple plans to introduce a new version of the Vision Pro this year, with the main update focused on the chip inside, reports Bloomberg's Mark Gurman. The device will use the M4 chip that Apple has already debuted in the iPad Pro and several Macs.





Apple a…",https://www.macrumors.com/2025/07/09/apple-vision-pro-2025-features/,https://images.macrumors.com/t/AZUOzTC3qKcbYYS-C9mdPPKPbAE=/1960x/article-new/2024/01/Apple-Vision-Pro-Dual-Loop-Band-Orange-Feature-2.jpg,2025-07-09T17:37:43Z,"Apple plans to introduce a new version of the Vision Pro this year, with the main update focused on the chip inside, reports Bloomberg's Mark Gurman. The device will use the M4 chip that Apple has al… [+2048 chars]"
"{'id': None, 'name': 'MacRumors'}",Juli Clover,Apple Could Use ChatGPT or Claude to Power Siri,"Apple may fix its Siri failings by partnering with ChatGPT creator OpenAI or Claude creator Anthropic, reports Bloomberg. Apple has been meeting with OpenAI and Anthropic to discuss a potential deal that would see a third-party large language model used as th…",https://www.macrumors.com/2025/06/30/apple-chatgpt-claude-siri/,https://images.macrumors.com/t/E2xFMSegpuYDB6sCT6_1vI991S8=/2500x/article-new/2025/03/Sad-Siri-Feature.jpg,2025-06-30T19:15:47Z,"Apple may fix its Siri failings by partnering with ChatGPT creator OpenAI or Claude creator Anthropic, reports Bloomberg. Apple has been meeting with OpenAI and Anthropic to discuss a potential deal … [+1781 chars]"
"{'id': None, 'name': 'MacRumors'}",Hartley Charlton,Next-Gen Apple Pencil Could Work on Any Surface,"Apple has been granted a patent for a next-generation Apple Pencil that uses optical sensors to work across a wide range of surfaces, including devices such as the iPhone, MacBook Pro, and Apple Watch.





The United States Patent and Trademark Office this w…",https://www.macrumors.com/2025/07/09/apple-pencil-could-work-on-any-surface/,https://images.macrumors.com/t/5R5uE20kVDpwJ4W595nvrtQ_BDw=/1600x/article-new/2024/05/Apple-Pencil-Pro-Newsroom.jpg,2025-07-09T07:12:13Z,"Apple has been granted a patent for a next-generation Apple Pencil that uses optical sensors to work across a wide range of surfaces, including devices such as the iPhone, MacBook Pro, and Apple Watc… [+2186 chars]"
"{'id': 'business-insider', 'name': 'Business Insider'}",Peter Kafka,"Apple's 'F1' is yet another big-budget, big-screen movie. I'm not sure why Apple keeps making them.","Apple is rolling out ""F1,"" a big-budget racing movie starring Brad Pitt. It could do well. But I still don't understand why Apple makes movies at all.",https://www.businessinsider.com/why-does-apple-make-movies-f1-brad-pitt-2025-06,https://i.insider.com/685c55fd3d5881a51c1c1531?width=1200&format=jpeg,2025-06-25T20:17:40Z,"Brad Pitt is the lead in ""F1"", Apple's new movie. But the racing scenes may be the real stars.Apple
<ul><li>Apple is rolling out ""F1,"" a big-budget racing movie starring Brad Pitt.</li><li>A few yea… [+4151 chars]"
"{'id': 'business-insider', 'name': 'Business Insider'}",Dominick Reuter,Apple's latest message to Trump: We're buying American magnets,"Apple is investing $500 million with MP Materials to design and manufacture recycled rare earth magnets in the US, specifically for Apple devices.",https://www.businessinsider.com/apple-invests-500m-mp-materials-us-magnet-maker-stock-soars-2025-7,https://i.insider.com/6876657585e81483682e069d?width=1200&format=jpeg,2025-07-15T14:54:34Z,"Apple and MP Materials say they will provide ""extensive"" training in magnet manufacturing at a new factory in Texas.MP Materials
<ul><li>Apple is investing $500 million in MP Materials, a US produce… [+2306 chars]"
"{'id': None, 'name': 'MacRumors'}",Joe Rossignol,iCloud vs. AWS: Apple Has Considered Competing With Amazon in Cloud,"Apple in recent years has considered competing with Amazon Web Services (AWS), according to The Information's Aaron Tilley.





In a paywalled report today, Tilley said that Apple was actively discussing the idea into the first half of 2024, but he does not …",https://www.macrumors.com/2025/07/03/apple-reportedly-considered-aws-competitor/,https://images.macrumors.com/t/kgOQZrxDvHnu-Guk7aZzH9Be4-Y=/2500x/article-new/2024/12/iCloud-General-Feature-Redux.jpg,2025-07-03T18:19:00Z,"Apple in recent years has considered competing with Amazon Web Services (AWS), according to The Information's Aaron Tilley.
In a paywalled report today, Tilley said that Apple was actively discussin… [+849 chars]"
"{'id': None, 'name': 'MacRumors'}",Joe Rossignol,It's Not Just You: Apple Intelligence is Down on iOS 26 and Other Betas,"Apple Intelligence has not been working for many hours today across the first developer betas of iOS 26, iPadOS 26, and macOS Tahoe.





The issue has been flagged by users across the Apple Developer Forums, Reddit, and other online discussion platforms thro…",https://www.macrumors.com/2025/06/19/apple-intelligence-down-on-ios-26-beta/,https://images.macrumors.com/t/p817t4gw5ljW1ROSxfadhn3mJew=/2500x/article-new/2025/06/iOS-26-Feature.jpg,2025-06-20T01:29:02Z,"Apple Intelligence has not been working for many hours today across the first developer betas of iOS 26, iPadOS 26, and macOS Tahoe.
The issue has been flagged by users across the Apple Developer Fo… [+901 chars]"
"{'id': None, 'name': 'MacRumors'}",Juli Clover,Apple Pauses Work on Foldable iPad,"Apple is well into development on the foldable iPhone, but it has decided to pause work on a larger-screened foldable iPad, reports Digitimes.





There have been multiple rumors about Apple's work on some kind of notebook-sized foldable device. Some have re…",https://www.macrumors.com/2025/07/02/apple-pauses-foldable-ipad-development/,https://images.macrumors.com/t/uRJ2zOZKud8DwbmzV5BbaXCLFO4=/2250x/article-new/2024/02/FoldPad-Redux-24-Magenta-and-Blue.jpg,2025-07-02T18:45:01Z,"Apple is well into development on the foldable iPhone, but it has decided to pause work on a larger-screened foldable iPad, reports Digitimes.
There have been multiple rumors about Apple's work on s… [+1096 chars]"
"{'id': None, 'name': 'MacRumors'}",Juli Clover,Apple Says Some iCloud Services Experiencing Issues,"Several of Apple's iCloud services are experiencing issues at the current time, with the System Status page reflecting problems with ‌iCloud‌ Mail, ‌iCloud‌ Storage Upgrades, ‌iCloud‌ Web Apps, iWork for ‌iCloud‌, and Photos.





‌iCloud‌ Web Apps and iWork …",https://www.macrumors.com/2025/06/24/icloud-services-outage-june/,https://images.macrumors.com/t/kgOQZrxDvHnu-Guk7aZzH9Be4-Y=/2500x/article-new/2024/12/iCloud-General-Feature-Redux.jpg,2025-06-24T20:13:07Z,"Several of Apple's iCloud services are experiencing issues at the current time, with the System Status page reflecting problems with ‌iCloud‌ Mail, ‌iCloud‌ Storage Upgrades, ‌iCloud‌ Web Apps, iWork… [+391 chars]"
"{'id': None, 'name': 'MacRumors'}",Joe Rossignol,Apple Sports App Updated With Three Improvements,"Version 3.0 of the Apple Sports app is here, and there are three key improvements.





First, the updated app introduces a ""Home"" section that lets you ""see all your leagues in one place and line them up your way."" This section seems to be very similar to th…",https://www.macrumors.com/2025/06/25/apple-sports-app-version-3-0/,https://images.macrumors.com/t/wvLrRR7P1lmjwmTX3lWBQD3w5gE=/1920x/article-new/2025/06/Apple-Sports-Home.jpg,2025-06-25T13:46:08Z,"Version 3.0 of the Apple Sports app is here, and there are three key improvements.
First, the updated app introduces a ""Home"" section that lets you ""see all your leagues in one place and line them u… [+539 chars]"
"{'id': None, 'name': 'MacRumors'}",Hartley Charlton,Apple Wins Dismissal in Payments Conspiracy Lawsuit,"Apple has successfully secured the dismissal of a federal lawsuit accusing it of conspiring with Visa and Mastercard to suppress competition in the payments network industry and inflate merchant transaction fees (via Reuters).





The Southern District of Il…",https://www.macrumors.com/2025/07/11/apple-wins-dismissal-in-payments-lawsuit/,https://images.macrumors.com/t/WSzY6vDeGdUnnBdsDon8UiwlReo=/1600x/article-new/2022/02/tap-to-pay-on-iphone-credit-card.jpeg,2025-07-11T05:27:03Z,Apple has successfully secured the dismissal of a federal lawsuit accusing it of conspiring with Visa and Mastercard to suppress competition in the payments network industry and inflate merchant tran… [+2469 chars]
"{'id': None, 'name': 'MacRumors'}",Hartley Charlton,Apple Joins China Subsidy Program in Effort to Counter Declining Sales,"Apple has joined China's national digital product subsidy program through its own direct sales channels for the first time, enabling eligible customers in Beijing and Shanghai to receive government-backed discounts on select iPhones, iPads, Apple Watches, and…",https://www.macrumors.com/2025/06/24/apple-joins-china-subsidy-program/,https://images.macrumors.com/t/NHloYA07lXYNraPhCHvmog9VT_M=/3840x/article-new/2025/03/Apple-iPhone-16-family-lineup.jpg,2025-06-24T15:56:24Z,"Apple has joined China's national digital product subsidy program through its own direct sales channels for the first time, enabling eligible customers in Beijing and Shanghai to receive government-b… [+1268 chars]"
"{'id': None, 'name': 'MacRumors'}",Hartley Charlton,Apple Expected to Win Rights to Formula 1 With $150m Bid,"Apple is expected to win the rights to stream Formula 1 races on Apple TV+ in the United States thanks to a $150 million bid, Business Insider reports.





The rights to broadcast Formula 1 in the United States are currently held by Disney's ESPN. According …",https://www.macrumors.com/2025/07/14/apple-expected-to-win-rights-to-f1/,https://images.macrumors.com/t/Fjz_DvS6nVH2hW73HhrujI67xSY=/1600x/article-new/2024/05/Apple-TV-Plus-Black-Banner.jpg,2025-07-14T08:00:15Z,"Apple is expected to win the rights to stream Formula 1 races on Apple TV+ in the United States thanks to a $150 million bid, Business Insider reports.
The rights to broadcast Formula 1 in the Unite… [+802 chars]"
"{'id': None, 'name': 'MacRumors'}",Juli Clover,Apple Surveys Vision Pro Users About Competing Headsets and Smart Glasses,"Apple today sent out surveys to some Vision Pro users, asking them a series of questions about the utility of various features, owned accessories, and most interestingly, competing devices.





Much of the survey asked for feedback on screen resolution, fit,…",https://www.macrumors.com/2025/06/30/apple-vision-pro-survey/,https://images.macrumors.com/t/-5qyx94AsbSujYyy0A9ZiYfzRBg=/1724x/article-new/2025/05/meta-ray-bans-feature.jpg,2025-06-30T22:11:48Z,"Apple today sent out surveys to some Vision Pro users, asking them a series of questions about the utility of various features, owned accessories, and most interestingly, competing devices.
Much of … [+2104 chars]"
"{'id': None, 'name': 'MacRumors'}",Joe Rossignol,Apple Sued by Shareholder Over Delayed Siri Features Allegedly Lowering Stock Price,"Apple shareholder Eric Tucker today filed a proposed class action lawsuit against the company in a California court, over alleged violations of federal U.S. securities laws.





Apple's CEO Tim Cook, former CFO Luca Maestri, and current CFO Kevan Parekh are …",https://www.macrumors.com/2025/06/20/apple-sued-by-shareholder-over-siri-delay/,https://images.macrumors.com/t/O2PQxJzVD0_2JrNy6sds2OIjixE=/1600x/article-new/2025/03/iOS-18-Siri-Personal-Context.jpg,2025-06-20T21:05:12Z,"Apple shareholder Eric Tucker today filed a proposed class action lawsuit against the company in a California court, over alleged violations of federal U.S. securities laws.
Apple's CEO Tim Cook, fo… [+1606 chars]"
"{'id': None, 'name': 'MacRumors'}",Joe Rossignol,Apple Arcade Game Fruit Ninja Launches Limited-Time Bluey Events,"Now through August 13, the hit Apple Arcade game Fruit Ninja Classic+ has been updated with Bluey-themed wands, powers, dojos, and many other easter eggs for fans of the Australian kids show, which revolves around puppies Bluey and Bingo.





There will be f…",https://www.macrumors.com/2025/06/19/apple-arcade-fruit-ninja-bluey-events/,https://images.macrumors.com/t/xJD-hi4tf-adhF4B7MIQRMEQhMw=/1920x/article-new/2025/06/Fruit-Ninja-Bluey.jpg,2025-06-19T16:53:02Z,"Now through August 13, the hit Apple Arcade game Fruit Ninja Classic+ has been updated with Bluey-themed wands, powers, dojos, and many other easter eggs for fans of the Australian kids show, which r… [+1376 chars]"
"{'id': None, 'name': 'MacRumors'}",Joe Rossignol,AirPort Base Stations: Will Apple Ever Return to Wi-Fi Router Market?,"Throughout the 2000s and 2010s, Apple offered a line of Wi-Fi routers that it referred to as AirPort base stations. There was a standard AirPort Express, a higher-end AirPort Extreme with more advanced networking features, and an AirPort Time Capsule that dou…",https://www.macrumors.com/2025/07/13/apple-airport-might-return-in-unexpected-way/,https://images.macrumors.com/t/V7fSG3BuonAojTdOHzjtxSusmec=/1600x/article-new/2024/12/Apple-AirPort-Routers.jpg,2025-07-13T17:00:00Z,"Throughout the 2000s and 2010s, Apple offered a line of Wi-Fi routers that it referred to as AirPort base stations. There was a standard AirPort Express, a higher-end AirPort Extreme with more advanc… [+1271 chars]"
"{'id': None, 'name': 'MacRumors'}",Juli Clover,M5 MacBook Pro No Longer Coming in 2025,"Apple does not plan to refresh any Macs with updated M5 chips in 2025, according to Bloomberg's Mark Gurman. Updated MacBook Air and MacBook Pro models are now planned for the first half of 2026.





Gurman previously said that Apple would debut the M5 ‌MacB…",https://www.macrumors.com/2025/07/10/no-m5-macbook-pro-2025/,https://images.macrumors.com/t/CU0FiTMwDka0IOYrc58d3zD9bJ0=/2500x/article-new/2024/08/macbook-pro-blue-green.jpg,2025-07-10T19:38:27Z,"Apple does not plan to refresh any Macs with updated M5 chips in 2025, according to Bloomberg's Mark Gurman. Updated MacBook Air and MacBook Pro models are now planned for the first half of 2026.
Gu… [+1826 chars]"
"{'id': None, 'name': 'MacRumors'}",Mitchel Broussard,Amazon Takes $120 Off Huge Collection of Apple Watch Series 10 Models,"Amazon is offering numerous all-time low prices on Apple Watch Series 10 devices today, including both GPS and cellular models at $120 off original prices. These deals were introduced last week during Prime Day and have stuck around, so if you missed them you…",https://www.macrumors.com/2025/07/14/amazon-120-off-apple-watch/,https://images.macrumors.com/t/BdluK8M_HeG0Rue3JjS84z2bK60=/2500x/article-new/2024/10/apple-watch-series-10-blue.jpeg,2025-07-14T15:20:55Z,"Amazon is offering numerous all-time low prices on Apple Watch Series 10 devices today, including both GPS and cellular models at $120 off original prices. These deals were introduced last week durin… [+1072 chars]"
"{'id': None, 'name': 'MacRumors'}",Joe Rossignol,Apple Announces Jeff Williams Stepping Down as COO Later This Month,"Apple today announced that Jeff Williams will be stepping down as COO of the company later this month. He will be succeeded by Sabih Khan, Apple's current Senior Vice President of Operations.





Williams will remain at Apple in a smaller role until he retir…",https://www.macrumors.com/2025/07/08/jeff-williams-stepping-down-as-apple-coo/,https://images.macrumors.com/t/AF8de5To1GllUS8i4xX5cwpHeHM=/1600x/article-new/2025/07/Apple-Jeff-Williams.jpg,2025-07-08T20:38:38Z,"Biggest design overhaul since iOS 7 with Liquid Glass, plus new Apple Intelligence features and improvements to Messages, Phone, Safari, Shortcuts, and more. Developer beta available now ahead of pub… [+16 chars]"
