title,snippet,pub_date,web_url,section,source
"U.S. Sues Apple, Accusing It of Maintaining an iPhone Monopoly","The lawsuit caps years of regulatory scrutiny of Apple’s wildly popular suite of devices and services, which have fueled its growth into a nearly $3 trillion public company.",2024-03-21T14:30:39Z,https://www.nytimes.com/2024/03/21/technology/apple-doj-lawsuit-antitrust.html,Technology,The New York Times
Apple’s Newest Headache: An App That Upended Its Control Over Messaging,"Beeper Mini, which offers iPhone messaging on Android phones, has grown fast and its duel with the tech giant has gotten the attention of antitrust regulators.",2023-12-22T10:03:15Z,https://www.nytimes.com/2023/12/22/technology/apple-iphone-beeper-mini.html,Technology,The New York Times
Sales of Macs and iPads Lead Apple’s Quarterly Revenue Up 5%,"While iPhone sales dropped 1 percent, consumer interest in Apple’s flagship product is expected to pick up later this year.",2024-08-01T20:59:10Z,https://www.nytimes.com/2024/08/01/technology/apple-quarterly-revenue-up-5.html,Technology,The New York Times
Apple and Nvidia in Talks to Invest in OpenAI,"Led by the investment firm Thrive Capital, the new deal would value the artificial intelligence start-up at over $100 billion.",2024-08-29T19:40:59Z,https://www.nytimes.com/2024/08/29/technology/apple-nvidia-openai.html,Technology,The New York Times
Apple Jumps Into A.I. Fray With Apple Intelligence,"The iPhone maker, which has been slow to embrace artificial intelligence, will weave it into the technology that runs on billions of devices.",2024-06-10T18:48:32Z,https://www.nytimes.com/2024/06/10/technology/apple-intelligence-openai.html,Technology,The New York Times
Apple Settles E.U. Case by Opening Its Payment Service to Rivals,Customers in Europe may see an influx of new apps and services for making tap-and-go purchases.,2024-07-11T12:36:59Z,https://www.nytimes.com/2024/07/11/business/apple-european-union-antitrust.html,Business,The New York Times
The Apple of One Business Reporter’s Eye,"Since 2022, Tripp Mickle has covered news surrounding one of the biggest technology companies in Silicon Valley.",2024-07-31T21:00:06Z,https://www.nytimes.com/2024/07/31/insider/apple-beat.html,Times Insider,The New York Times
The Apple-Picking Apocalypse of Upstate New York,Eight straight weekends of rain have pushed the pick-your-own orchards toward financial disaster.,2023-10-31T07:00:16Z,https://www.nytimes.com/2023/10/31/nyregion/apple-picking-new-york-rain.html,New York,The New York Times
Apple Rethinks Its Movie Strategy After a String of Misses,"“Wolfs,” a new film starring George Clooney and Brad Pitt, was going to get a robust theatrical release. But the company is curtailing that plan.",2024-08-25T09:00:47Z,https://www.nytimes.com/2024/08/25/business/media/apple-movies-theaters-wolfs.html,Business,The New York Times
Apple Giving Ground on App Store Rules to Appease Regulators,The company faces pressure from governments around the world and complaints from companies that it is still too restrictive.,2024-08-16T11:00:07Z,https://www.nytimes.com/2024/08/16/technology/apple-epic-spotify-app-stores.html,Technology,The New York Times
Apple Is First Company Charged Under New E.U. Competition Law,"The company’s App Store policies are illegal under the European Union’s Digital Markets Act, according to regulators in Brussels.",2024-06-24T08:12:26Z,https://www.nytimes.com/2024/06/24/technology/apple-european-union-competition-law.html,Technology,The New York Times
Some iPhone Customers Could Get Up to $349 in an Apple Settlement,"A class-action lawsuit about audio issues in iPhone 7 and 7 Plus phones has led to a $35 million settlement, though the company denies the phones were faulty.",2024-05-23T20:41:20Z,https://www.nytimes.com/2024/05/23/business/apple-iphone-settlement.html,Business,The New York Times
Apple Reports Decline in Sales and Profit Amid iPhone Struggles in China,"The company continues to lean on customers’ appetite for apps and services, as demand for its devices weakens.",2024-05-02T21:04:45Z,https://www.nytimes.com/2024/05/02/technology/apple-earnings-china.html,Technology,The New York Times
Apple Says Destructive iPad Ad ‘Missed the Mark’,People in the creative world widely panned a commercial showing a giant hydraulic press squishing objects ranging from paint cans to a piano.,2024-05-09T22:10:03Z,https://www.nytimes.com/2024/05/09/technology/apple-ipad-ad-crush-apology.html,Technology,The New York Times
How Do You Restore a Chestnut Forest or an Apple Orchard? Very Slowly.,This botanic garden is determined to bring back the American chestnut tree and heirloom apples that taste like those grown 500 years ago. It won’t be easy.,2024-07-03T09:00:45Z,https://www.nytimes.com/2024/07/03/realestate/new-england-botanic-garden-chestnut-apple.html,Real Estate,The New York Times
That Much-Despised Apple Ad Could Be More Disturbing Than It Looks,Tech companies are running low on new experiences to offer us. A new ad for the iPad contains revealing hints of where they could go next.,2024-06-06T09:01:04Z,https://www.nytimes.com/2024/06/06/magazine/apple-ipad-ad.html,Magazine,The New York Times
"Hey, Siri! Let’s Talk About How Apple Is Giving You an A.I. Makeover.","Apple, a latecomer to artificial intelligence, has struck a deal with OpenAI and developed tools to improve its Siri voice assistant, which it is set to showcase on Monday.",2024-06-09T09:04:03Z,https://www.nytimes.com/2024/06/09/technology/siri-apple-ai-chatgpt.html,Technology,The New York Times
Apple’s New iPad Ad Leaves Its Creative Audience Feeling … Flat,An ad meant to show how the updated device can do many things has become a metaphor for a community’s fears of the technology industry.,2024-05-08T23:45:31Z,https://www.nytimes.com/2024/05/08/business/apple-ipad-crush-ad.html,Business,The New York Times
Apple Store Workers Get First U.S. Contract,"The agreement at a Maryland store, the first to unionize, raises wages roughly 10 percent over three years and guarantees benefits and severance pay.",2024-08-07T00:53:05Z,https://www.nytimes.com/2024/08/06/business/economy/apple-store-union-contract.html,Business,The New York Times
Apple Lifts Some Restrictions on iPhone Repairs,"This fall, the company will begin allowing customers to replace broken parts with used iPhone components without its previous software limits.",2024-04-11T18:50:30Z,https://www.nytimes.com/2024/04/11/technology/apple-iphone-repairs-parts.html,Technology,The New York Times
FIFA Said to Be Close to TV Deal With Apple for New Tournament,The agreement would give the tech company worldwide rights for a monthlong World Cup-style competition between top teams set to take place next year.,2024-04-22T15:54:35Z,https://www.nytimes.com/2024/04/22/business/fifa-apple-tv-deal.html,Business,The New York Times
Can Apple Rescue the Vision Pro?,"The $3,500 “spatial computing” device has gathered dust on my shelf. Can tweaks and upgrades save it from obsolescence?",2024-06-11T09:00:41Z,https://www.nytimes.com/2024/06/11/technology/apple-vision-pro-needs.html,Technology,The New York Times
Apple Will Revamp Siri to Catch Up to Its Chatbot Competitors,Apple plans to announce that it will bring generative A.I. to iPhones after the company’s most significant reorganization in a decade.,2024-05-10T18:00:37Z,https://www.nytimes.com/2024/05/10/business/apple-siri-ai-chatgpt.html,Business,The New York Times
Apple Is Doing Its Part to End Green Bubble Shaming. It’s Our Turn.,"While texting technology will soon get better, the “blue versus green bubble” disparity is far from over.",2023-11-29T14:00:10Z,https://www.nytimes.com/2023/11/29/technology/personaltech/apple-iphone-android-bubbles.html,Technology,The New York Times
Apple and Google Are Discussing a Deal to Bring Generative A.I. to iPhones,A partnership would extend the long relationship between the companies that has helped deliver everything from maps to search on Apple’s devices.,2024-03-19T17:35:01Z,https://www.nytimes.com/2024/03/19/technology/apple-google-ai-iphone.html,Technology,The New York Times
Apple Kills Its Electric Car Project,"The car, which Apple spent billions of dollars researching, had been intended as a rival to Tesla’s E.V.s, which include autonomous driving features.",2024-02-27T20:47:02Z,https://www.nytimes.com/2024/02/27/technology/apple-ends-electric-car-plan.html,Technology,The New York Times
Apple Says It Was Ordered to Pull WhatsApp From China App Store,"Apple said it removed WhatsApp and Threads from its China app offerings Friday on Beijing’s orders, amid technological tensions between the U.S. and China.",2024-04-19T03:32:43Z,https://www.nytimes.com/2024/04/18/technology/apple-whatsapp-china-app-store.html,Technology,The New York Times
Apple Reverses Course and Allows Epic Games to Start Competing App Store,"After an inquiry by European regulators, Epic Games said Apple would allow it to access the software tools necessary to develop a game store.",2024-03-08T19:41:06Z,https://www.nytimes.com/2024/03/08/technology/apple-epic-games-app-store.html,Technology,The New York Times
Welcome to the Era of the A.I. Smartphone,"Apple and Google are getting up close and personal with user data to craft memos, summarize documents and generate images.",2024-06-10T20:28:25Z,https://www.nytimes.com/2024/06/10/technology/personaltech/apple-google-ai.html,Technology,The New York Times
"Justice Dept. Sues Apple, Smartphones and Children with Jonathan Haidt and Reddit’s I.P.O.",“We’ll see you in court.”,2024-03-22T09:07:23Z,https://www.nytimes.com/2024/03/22/podcasts/hard-fork-apple-lawsuit-reddit-ipo.html,Podcasts,The New York Times
Apple Keeps Losing Patent Cases. Its Solution: Rewrite the Rules.,"After losing two complaints before the U.S. International Trade Commission, Apple has stepped up its lobbying to change the agency’s practices.",2024-03-19T17:48:47Z,https://www.nytimes.com/2024/03/19/technology/apple-patents-lobbying.html,Technology,The New York Times
Apple Blocks Epic Games From Using iPhone Tools in Escalation of Feud,"The move tests the European Union’s new tech competition law, which was designed to allow competing app stores.",2024-03-06T17:46:28Z,https://www.nytimes.com/2024/03/06/technology/apple-epic-games-feud.html,Technology,The New York Times
Apple’s Problems Around the Globe Are Piling Up,The Justice Department’s lawsuit against Apple is the latest in a series of regulatory actions that are hitting the tech giant at the same time.,2024-03-21T17:38:43Z,https://www.nytimes.com/2024/03/21/technology/apple-regulators-world.html,Technology,The New York Times
Berkshire’s Cash Stockpile Soars as It Cuts Its Stake in Apple,"The conglomerate reported nearly $277 billion in cash in the second quarter. And while it sold about 390 million shares in Apple, it still owned about 400 million.",2024-08-03T14:29:15Z,https://www.nytimes.com/2024/08/03/business/berkshire-hathaway-buffett-earnings.html,Business,The New York Times
"U.S. to Push For Gaza Cease-Fire, Apple Gets Sued and More","Plus, don’t mess with Elvis.",2024-03-22T10:05:03Z,https://www.nytimes.com/2024/03/22/podcasts/us-to-push-for-gaza-cease-fire-apple-gets-sued-and-more.html,Podcasts,The New York Times
Read the Lawsuit Against Apple,The suit is the federal government’s most significant challenge to the reach and influence of the company.,2024-03-21T14:52:00Z,https://www.nytimes.com/interactive/2024/03/21/technology/apple-lawsuit.html,Technology,The New York Times
Apple Fined $2 Billion by E.U. for Using App Store to Thwart Competition,"Apple said it would appeal the penalty, the latest in a series of regulatory setbacks for the tech giant.",2024-03-04T12:13:58Z,https://www.nytimes.com/2024/03/04/business/apple-eu-fine-app-store.html,Business,The New York Times
Behind Apple’s Doomed Car Project: False Starts and Wrong Turns,Internal disagreements over the direction of the Apple car led the effort to sputter for years before it was canceled this week.,2024-02-28T23:02:22Z,https://www.nytimes.com/2024/02/28/technology/behind-the-apple-car-dead.html,Technology,The New York Times
Is Apple Cider Vinegar Really a Cure-All?,"It has been said to help with weight loss, blood sugar control, acne and more. But experts say the science is more nuanced.",2024-04-09T09:00:30Z,https://www.nytimes.com/2024/04/09/well/eat/apple-cider-vinegar-benefits.html,Well,The New York Times
The Second Coming of the Microsoft Antitrust Battle?,Prosecutors compare their new fight against Apple to the seminal case against Windows in the 1990s.,2024-03-23T12:00:05Z,https://www.nytimes.com/2024/03/23/business/dealbook/apple-microsoft-antitrust.html,Business,The New York Times
"After Google Antitrust Ruling, Here’s Where Other Big Tech Cases Stand","The federal government has more lawsuits in the pipeline trying to rein in the tech giants, including another antitrust case against Google that goes to trial next month.",2024-08-05T20:14:46Z,https://www.nytimes.com/2024/08/05/technology/antitrust-google-amazon-apple-meta.html,Technology,The New York Times
24 Hours at the Golden Apple,"One day in a Chicago diner, starting at 5 a.m. and going until 5 a.m. the next morning.",2024-07-27T10:39:06Z,https://www.nytimes.com/2024/08/25/podcasts/24-hours-at-the-golden-apple.html,Podcasts,The New York Times
Apple Sees First Quarterly Revenue Increase in a Year,The iPhone maker’s share price dropped in after-hour trading even though sales and profit topped Wall Street expectations.,2024-02-01T22:05:44Z,https://www.nytimes.com/2024/02/01/technology/apple-earnings-iphone.html,Technology,The New York Times
Apple Says It Will Remove a Health Feature From New Apple Watches,"Starting on Thursday, the Apple Watch Series 9 and Watch Ultra 2 will no longer detect people’s blood oxygen levels, to comply with a ruling by the International Trade Commission.",2024-01-17T22:35:09Z,https://www.nytimes.com/2024/01/17/technology/apple-watch-oximetry-international-trade-commission.html,Technology,The New York Times
Apple Takes Messaging Crackdown to Customers’ Macs,"Beeper Mini customers were using their Mac computers to connect to iPhone messaging on their Android phones. Now, they say Apple has blocked the messaging service on their Macs.",2024-01-26T16:20:53Z,https://www.nytimes.com/2024/01/26/technology/apple-messaging-crackdown-beeper.html,Technology,The New York Times
"Israeli Hostage Rescue Fallout, and Far Right Wreaks Havoc in Europe","Plus, Apple’s Siri gets an A.I. makeover.",2024-06-10T10:00:07Z,https://www.nytimes.com/2024/06/10/podcasts/israel-hostages-apple.html,Podcasts,The New York Times
Apple Has a New Plan for Its App Store. Many Developers Hate It.,"To comply with European regulations, Apple has proposed reducing its commission on app sales while adding new fees and hurdles.",2024-02-01T15:44:29Z,https://www.nytimes.com/2024/02/01/technology/apple-app-store-europe.html,Technology,The New York Times
"Apple Resuming Sales of Its Newest Smartwatches, for Now","The company pulled two watches from stores after losing a patent case, but an appeals court temporarily paused enforcement of that ruling while the legal battle continues.",2023-12-28T15:11:41Z,https://www.nytimes.com/2023/12/28/technology/apple-watch-banned-appeals-court.html,Technology,The New York Times
Coming to ‘iPhone City’: An Electric Car Factory From Foxconn,"The Taiwanese company has built a manufacturing hub in Zhengzhou, China, for its star customer Apple, but it is starting almost from scratch in the auto business.",2024-08-14T18:00:12Z,https://www.nytimes.com/2024/08/14/business/china-foxconn-apple-ev.html,Business,The New York Times
"E.U. Takes Aim at Alphabet, Apple and Meta in Wide-Ranging Investigations",The inquiries signal the bloc’s intention to tightly enforce sweeping new competition rules that took effect this month.,2024-03-25T11:44:47Z,https://www.nytimes.com/2024/03/25/business/apple-facebook-google-eu-investigation.html,Business,The New York Times
Apple to Offer Rare Discount on iPhones in China,"Facing a weak consumer appetite and fierce competition from domestic rivals amid U.S.-China tensions, a typically discount-wary Apple is offering a four-day sale.",2024-01-15T10:54:18Z,https://www.nytimes.com/2024/01/15/business/apple-china-iphone-discounts.html,Business,The New York Times
Apple Takes a Humble Approach to Launching Its Newest Device,The Vision Pro augmented reality device goes on sale Friday. Don’t expect Apple to host a splashy event to promote it.,2024-01-19T10:03:31Z,https://www.nytimes.com/2024/01/19/technology/apple-vision-pro-augmented-reality.html,Technology,The New York Times
Microsoft Tops Apple to Become Most Valuable Public Company,The shift is indicative of the importance of new artificial intelligence technology to Silicon Valley and Wall Street investors.,2024-01-12T21:47:56Z,https://www.nytimes.com/2024/01/12/technology/microsoft-apple-most-valuable-company.html,Technology,The New York Times
The United States vs. the iPhone,Washington’s crackdown on Big Tech is coming for Apple.,2024-03-26T10:00:13Z,https://www.nytimes.com/2024/03/26/podcasts/the-daily/apple-lawsuit.html,Podcasts,The New York Times
How the Fight Against Apple Could Redefine Antitrust Law,The Justice Department’s lawsuit against the iPhone maker pushes the boundaries of competition rules. Some experts say that may make winning more difficult.,2024-03-22T12:03:37Z,https://www.nytimes.com/2024/03/22/business/dealbook/apple-justice-antitrust.html,Business,The New York Times
"Apple Overhauls App Store in Europe, in Response to New Digital Law","An E.U. law taking effect in March forced Apple to loosen its grip on the App Store, changes it had long resisted.",2024-01-25T18:00:08Z,https://www.nytimes.com/2024/01/25/technology/apple-app-store-europe.html,Technology,The New York Times
The Apple Vision Pro Is a Marvel. But Who Will Buy It?,"Parents, movie buffs and office workers might all succumb to the novelty of Apple’s new “spatial computing” device.",2024-01-31T16:33:37Z,https://www.nytimes.com/2024/01/31/technology/roose-apple-vision-pro.html,Technology,The New York Times
"Apple Joins the A.I. Party, Elon’s Wild Week and HatGPT",“They really sort of make you feel like it’s Christmas and Coachella at the same time.”,2024-06-14T09:06:07Z,https://www.nytimes.com/2024/06/14/podcasts/hardfork-apple-intelligence-elon-musk.html,Podcasts,The New York Times
How Apple Used its Car Project to Drive Wider Innovation,"The tech giant has dropped its plans to develop an electric vehicle, but some of the development at the heart of the effort has helped power other products and services.",2024-02-28T13:06:19Z,https://www.nytimes.com/2024/02/28/business/dealbook/apple-car-project-to-drive-wider-innovation.html,Business,The New York Times
U.S. Moves Closer to Filing Sweeping Antitrust Case Against Apple,"Justice Department officials are in the late stages of investigating the iPhone maker, focusing on how Apple has used its other products and services to defend against threats to its core business.",2024-01-05T19:15:12Z,https://www.nytimes.com/2024/01/05/technology/antitrust-apple-lawsuit-us.html,Technology,The New York Times
Can Apple Think Different on A.I.?,Wall Street and Silicon Valley will be watching the company’s developers conference closely for signs of whether the iPhone maker can finally catch up on artificial intelligence.,2024-06-10T11:31:25Z,https://www.nytimes.com/2024/06/10/business/dealbook/apple-ai-siri.html,Business,The New York Times
Apple’s European Headache,"The iPhone maker is the first U.S. tech giant charged with breaching the European Union’s Digital Markets Act, potentially exposing it to huge fines.",2024-06-24T11:32:36Z,https://www.nytimes.com/2024/06/24/business/dealbook/apple-europe-antitrust-dma.html,Business,The New York Times
The Trustbuster Who Has Apple and Google in His Sights,"Jonathan Kanter, the head of the Justice Department’s antitrust division, made his boldest move on Thursday by accusing Apple of antitrust violations.",2024-03-22T09:02:28Z,https://www.nytimes.com/2024/03/22/technology/jonathan-kanter-apple-antitrust.html,Technology,The New York Times
Apple to Pause Selling New Versions of Its Watch After Losing Patent Dispute,"The move, which comes after a ruling by the International Trade Commission, could create a run on watch sales in the week before Christmas.",2023-12-18T19:12:16Z,https://www.nytimes.com/2023/12/18/technology/apple-ban-watch-sales-patent-dispute.html,Technology,The New York Times
The Antitrust Lawsuit Against Apple Could Change Tech in a Big Way,But should the government require iPhones to look like Androids?,2024-03-21T16:55:38Z,https://www.nytimes.com/live/2024/03/19/opinion/thepoint/apple-antitrust-lawsuit-iphone,Opinion,The New York Times
Has China Lost Its Taste for the iPhone?,"Apple has deep ties in the country, its second-largest market. But there are signs that Chinese consumers are becoming a harder sell.",2024-03-25T04:01:17Z,https://www.nytimes.com/2024/03/25/business/china-apple-iphones.html,Business,The New York Times
"Apple Music Removes, Then Restores, Ye Album Without Explanation","On Thursday, the streaming platform took down “Vultures 1” after the LP’s distributor, Fuga, said its upload violated a service agreement. The album, which is on pace to hit No. 1, later returned to the service.",2024-02-15T21:12:22Z,https://www.nytimes.com/2024/02/15/arts/music/apple-music-ye-vultures-fuga.html,Arts,The New York Times
Switching From iPhone to Android Is Easy. It’s the Aftermath That Stings.,"Even if you manage to ditch your iPhone, Apple’s hooks are still there.",2024-04-03T09:04:34Z,https://www.nytimes.com/2024/04/03/technology/personaltech/iphone-android-ios-apple.html,Technology,The New York Times
Apple Explores A.I. Deals With News Publishers,The company has discussed multiyear deals worth at least $50 million to train its generative A.I. systems on publishers’ news articles.,2023-12-22T20:30:38Z,https://www.nytimes.com/2023/12/22/technology/apple-ai-news-publishers.html,Technology,The New York Times
‘Pachinko’ Is a Gorgeous Epic of Love and Struggle,"Based on the novel by Min Jin Lee, this thoughtful series about a Korean family across generations returns to Apple TV+ for a second season.",2024-08-22T20:46:20Z,https://www.nytimes.com/2024/08/22/arts/television/pachinko-season-2-apple.html,Arts,The New York Times
Vision Pro Review: Apple’s First Headset Lacks Polish and Purpose,"Billed as the future of computing, the $3,500 goggles can’t replace a laptop for work. At times, wearing them also made our columnist feel nauseated.",2024-02-07T10:03:10Z,https://www.nytimes.com/2024/02/07/technology/personaltech/apple-vision-pro-review.html,Technology,The New York Times
How to Clean Up Your Phone’s Camera Roll,What to do when your phone is overloaded with photos.,2024-05-15T18:27:18Z,https://www.nytimes.com/interactive/2024/05/15/smarter-living/wirecutter/clean-up-camera-roll.html,Smarter Living,The New York Times
Apple’s Go-Slow A.I. Approach,"The tech giant announced a slew of artificial intelligence-focused features, but also signaled it will be patient in rolling out the technology to users.",2024-06-11T11:46:02Z,https://www.nytimes.com/2024/06/11/business/dealbook/apple-go-slow-ai-approach.html,Business,The New York Times
U.S. Antitrust Case Against Google Is Just the Start,"As the Justice Department’s case against Google nears an end, the federal government has more suits in the pipeline trying to rein in Big Tech.",2024-05-03T09:06:18Z,https://www.nytimes.com/2024/05/03/technology/google-apple-amazon-meta-antitrust.html,Technology,The New York Times
How Regulations Fractured Apple’s App Store,"As the App Store approaches its 16th anniversary, patchwork rules have turned what was a single store into different shops across many countries.",2024-03-04T05:00:08Z,https://www.nytimes.com/2024/03/04/technology/app-store-europe-law.html,Technology,The New York Times
"Apple Watch in Stolen Luggage Leads to Airport Worker’s House, Police Say","The Sheriff’s Office in Broward County, Fla., said an airport worker had been charged with stealing a woman’s bag, which had her Apple Watch inside.",2024-06-07T20:36:34Z,https://www.nytimes.com/2024/06/07/us/stolen-luggage-apple-watch-florida.html,U.S.,The New York Times
Apple Entered the A.I. Fray,"Also, the F.D.A.’s advisers endorsed a new Alzheimer’s drug. Here’s the latest at the end of Monday.",2024-06-10T21:42:44Z,https://www.nytimes.com/2024/06/10/briefing/apple-ai-blinken-middle-east-tour-elephants.html,Briefing,The New York Times
"Republican Dysfunction, and Mom Convicted in School Shooting Case","Plus, the Apple Vision Pro hype.",2024-02-07T11:04:50Z,https://www.nytimes.com/2024/02/07/podcasts/republican-apple-vision-pro.html,Podcasts,The New York Times
‘Me’ Is a Lovely and Distinctive Tween Drama,"Anchored by beautiful performances, this Apple TV+ superhero show surpasses its own genre clichés.",2024-07-11T18:33:14Z,https://www.nytimes.com/2024/07/11/arts/television/me-apple-tv-plus-superhero.html,Arts,The New York Times
"The True Price of Apple’s $3,500 Vision Pro Is Closer to $4,600",The new headset teaches a valuable lesson about the cost of tech products: The upsells and add-ons will get you.,2024-01-31T16:33:27Z,https://www.nytimes.com/2024/01/31/technology/personaltech/apple-vision-pro-headset-cost.html,Technology,The New York Times
Friday Briefing: The U.S. Sues Apple,"Also, India’s opposition faces troubles and tips for a healthier relationship with your phone.",2024-03-21T21:03:07Z,https://www.nytimes.com/2024/03/21/world/asia/us-apple-monopoly-india-arrest-asia.html,World,The New York Times
Former Apple Executive to Lead Sports Streaming Service,"Pete Distad, the former executive in charge of distribution of Apple TV+, will run a new joint venture from Fox, Disney and Warner Bros. Discovery.",2024-03-15T16:52:20Z,https://www.nytimes.com/2024/03/15/business/media/pete-distad-sports-streaming.html,Business,The New York Times
Apple Says It Will Improve the Green vs. Blue Texting Experience,"Longstanding texting problems between Android and Apple owners will ease next year. Among other changes, users will be able to send better-quality videos and photos.",2023-11-18T17:22:20Z,https://www.nytimes.com/2023/11/18/technology/iphone-android-apple-rcs-messaging.html,Technology,The New York Times
Americans’ New TV Habit: Subscribe. Watch. Cancel. Repeat.,"Many more people are jumping from one streaming subscription to another, a behavior that could have big implications for the entertainment industry.",2024-04-20T09:02:05Z,https://www.nytimes.com/2024/04/20/business/media/streaming-subscription-jumping.html,Business,The New York Times
The Patent Fight That Could Take Apple Watches Off the Market,A federal trade agency ruled that some Apple devices infringe on patents held by other companies.,2023-10-30T19:00:02Z,https://www.nytimes.com/2023/10/30/opinion/apple-watch-masimo.html,Opinion,The New York Times
"You Paid $1,000 for an iPhone, but Apple Still Controls It",The company codes its devices with software that complicates repairs by triggering safety warnings and malfunctions.,2023-11-12T10:00:21Z,https://www.nytimes.com/2023/11/12/technology/iphone-repair-apple-control.html,Technology,The New York Times
Why Making Face Computers Cool Isn’t Easy,"Starting with Google Glass, all have been plagued with the same issues, even as Apple plunges into the market with its Vision Pro.",2024-01-24T14:00:23Z,https://www.nytimes.com/2024/01/24/technology/personaltech/apple-vr-smart-goggles.html,Technology,The New York Times
"Abortion Access on the Ballot, and Hamas Won’t Attend Peace Talks","Plus, new details on Hunter Biden’s business dealings.",2024-08-14T10:00:09Z,https://www.nytimes.com/2024/08/14/podcasts/abortion-arizona-hamas-peace-talks.html,Podcasts,The New York Times
"The Year in Apple Watches, A.I., Anarcho-Capitalists and Anticapitalists",We covered a lot of ground together in 2023.,2023-12-20T20:00:03Z,https://www.nytimes.com/2023/12/20/opinion/year-review-apple-capitalism.html,Opinion,The New York Times
‘Cowboy Cartel’ Tells a Galloping Story,"With a made-for-TV plot, this documentary series explores a ploy by Mexican drug cartels to launder money through the world of horseracing.",2024-08-01T20:05:42Z,https://www.nytimes.com/2024/08/01/arts/television/cowboy-cartel-apple-tv-plus.html,Arts,The New York Times
Comcast Plans Streaming Bundle With Netflix and Apple TV+,"The bundle, called StreamSaver, is the latest joint effort from entertainment companies looking to woo price-weary customers.",2024-05-14T14:32:36Z,https://www.nytimes.com/2024/05/14/business/media/comcast-streaming-bundle-netflix-apple-tv.html,Business,The New York Times
‘Sunny’ Is a Dreamy Robot Dramedy,"This stylish sci-fi series, on Apple TV+, stars Rashida Jones as a grieving woman with an unexpected new companion.",2024-07-09T21:17:21Z,https://www.nytimes.com/2024/07/09/arts/television/sunny-apple-tv-plus-rashida-jones.html,Arts,The New York Times
Google Debuts A.I.-Powered Phones in Latest Attempt to Best the iPhone,"The internet giant unveiled the next generation of Pixel phones, headphones and watches to stand out in a hardware market that has mostly ignored it.",2024-08-13T17:00:09Z,https://www.nytimes.com/2024/08/13/technology/google-pixel-9.html,Technology,The New York Times
Apple’s Sales Drop Slightly While Profit Is Up 11 Percent,"Interest in new iPhones and services such as music and cloud storage powered the quarter, but other businesses, such as Mac sales, slowed significantly.",2023-11-02T20:59:20Z,https://www.nytimes.com/2023/11/02/technology/apple-earnings.html,Technology,The New York Times
Five U.S. Cases Targeting Big Tech ,"For years, Apple, Google, Meta and other tech giants operated unfettered. Now, regulators are taking steps to compel them to make major shifts to their products and businesses. ",2024-03-22T09:07:24Z,https://www.nytimes.com/interactive/2024/03/22/business/5-us-cases-big-tech.html,Business,The New York Times
Charms Can Personalize Your Watch,"A wearable tech brand has followed Crocs’ lead, creating colorful decorations as part of an accessories collection for Apple Watch straps.",2024-01-18T10:00:21Z,https://www.nytimes.com/2024/01/18/fashion/charms-apple-watch-straps.html,Fashion,International New York Times
"New Details on Gaza Cease-Fire Obstacles, and Musk Interviews Trump","Plus, scenes after a Ukrainian attack in Russia.",2024-08-13T10:00:09Z,https://www.nytimes.com/2024/08/13/podcasts/gaza-cease-fire-musk-trump.html,Podcasts,The New York Times
"40 Years Ago, This Ad Changed the Super Bowl Forever","An oral history of Apple’s groundbreaking “1984” spot, which helped to establish the Super Bowl as TV’s biggest commercial showcase.",2024-02-09T16:53:45Z,https://www.nytimes.com/2024/02/09/arts/television/super-bowl-apple-1984-ad.html,Arts,The New York Times
What the Arrival of A.I. Phones and Computers Means for Our Data,"Apple, Microsoft and Google need more access to our data as they promote new phones and personal computers that are powered by artificial intelligence. Should we trust them?",2024-06-23T04:01:25Z,https://www.nytimes.com/2024/06/23/technology/personaltech/ai-phones-computers-privacy.html,Technology,The New York Times
A U.S. Lawsuit Accused Apple of Creating a Monopoly,"Also, a man received a pig kidney in a medical milestone. Here’s the latest at the end of Thursday.",2024-03-21T22:02:36Z,https://www.nytimes.com/2024/03/21/briefing/justice-department-apple-lawsuit-pig-kidney-transplant.html,Briefing,The New York Times
A U.S. Lawsuit Accused Apple of Creating a Monopoly,"Also, a man received a pig kidney in a medical milestone. Here’s the latest at the end of Thursday.",2024-03-21T22:02:36Z,https://www.nytimes.com/2024/03/21/briefing/justice-department-apple-lawsuit-pig-kidney-transplant.html,Briefing,The New York Times
Beeper Messaging App Is Acquired as a Bet on a Regulatory Shift,"Automattic, the company behind WordPress.com, bought Beeper in an effort to build a system that works across Android and Apple devices.",2024-04-09T15:00:07Z,https://www.nytimes.com/2024/04/09/technology/beeper-messaging-app-automattic.html,Technology,The New York Times
Inside Google’s Plan to Stop Apple From Getting Serious About Search,"Google has worried for years that Apple would one day expand its internet search technology, and has been working on ways to prevent that from happening.",2023-10-26T09:00:29Z,https://www.nytimes.com/2023/10/26/technology/google-apple-search-spotlight.html,Technology,The New York Times
Apple’s New Film Strategy Debuts With ‘Killers of the Flower Moon’,Martin Scorsese’s three-and-a-half-hour epic is the first of three high-profile movies the tech company will give wide theatrical releases in the coming months.,2023-10-20T14:12:31Z,https://www.nytimes.com/2023/10/20/business/media/apple-killers-of-the-flower-moon-theaters.html,Business,The New York Times
Grab Them. Then Stump Them.,"Word puzzles on LinkedIn. Logic challenges in The Washington Post. For news publishers and tech sites looking to both entice and engage users, games are serious business.",2024-06-11T15:40:08Z,https://www.nytimes.com/2024/06/11/technology/news-tech-sites-games.html,Technology,The New York Times
This Is Why Google Paid Billions for Apple to Change a Single Setting,Default settings on devices allow the tech industry to keep collecting and using data as it wants.,2023-11-20T10:03:33Z,https://www.nytimes.com/2023/11/20/opinion/apple-google-privacy.html,Opinion,The New York Times
Apple Co-Founder Steve Wozniak Is ‘Doing Good’ After Minor Stroke,The technology pioneer said he was back home in California after a brief stay in a Mexico City hospital.,2023-11-10T02:02:26Z,https://www.nytimes.com/2023/11/09/technology/steve-wozniak-minor-stroke.html,Technology,The New York Times
"Nvidia Becomes Most Valuable Public Company, Topping Microsoft",The chip maker’s stock price has jumped over the last year thanks to its stranglehold on the market for the chips needed to build A.I. systems.,2024-06-18T20:12:08Z,https://www.nytimes.com/2024/06/18/technology/nvidia-most-valuable-company.html,Technology,The New York Times
"ScarJo vs. ChatGPT, Neuralink’s First Patient Opens Up, and Microsoft’s A.I. PCs",“Did you ever think we would have a literal Avenger fighting back against the relentless march of A.I.? Because that’s sort of what this story is about.”,2024-05-24T09:05:37Z,https://www.nytimes.com/2024/05/24/podcasts/scarjo-vs-chatgpt-neuralinks-first-patient-opens-up-and-microsofts-ai-pcs.html,Podcasts,The New York Times
Forced to Change: Tech Giants Bow to Global Onslaught of Rules,"For years, Apple, Google, Meta and others operated unfettered. But new laws and regulations have finally compelled them to make major shifts to their products and businesses.",2024-03-04T05:00:09Z,https://www.nytimes.com/2024/03/04/technology/europe-apple-meta-google-microsoft.html,Technology,The New York Times
Google’s Monopoly Money + Is the A.I. Bubble Popping? + The Hot-Mess Express,“Maybe this actually is a chance to press the reset button on the internet.”,2024-08-09T09:05:03Z,https://www.nytimes.com/2024/08/09/podcasts/hardfork-google-antitrust-ai-bubble.html,Podcasts,The New York Times
Jon Stewart’s Show on Apple Is Ending,"Mr. Stewart and Apple are parting ways because of creative differences over “The Problem,” people with knowledge of the decision said.",2023-10-19T20:49:40Z,https://www.nytimes.com/2023/10/19/business/media/jon-stewart-the-problem-ends.html,Business,The New York Times
Top Apple Executive Defends Favoring Google on iPhones,"Eddy Cue, a longtime executive at the company, said Apple’s multibillion-dollar deals with Google were driven by quality, not money.",2023-09-26T19:41:15Z,https://www.nytimes.com/2023/09/26/technology/apple-executive-google-trial-iphones.html,Technology,The New York Times
Big Apple Circus Review: A Show That Bends Over Backward for You,"The extraordinary within the everyday: A holiday season rite returns with aerialists, trapeze acts, funny clowns (really!) and cotton candy too.",2023-11-17T19:57:20Z,https://www.nytimes.com/2023/11/17/theater/big-apple-circus-review-lincoln-center.html,Theater,The New York Times
‘Vague’ iPhone Alert Triggers Serious Accusations of Spying in India,"The notifications suggested that many opposition figures could be under “state-sponsored” surveillance, but even Apple said the warning could have been a false alarm.",2023-11-01T10:48:12Z,https://www.nytimes.com/2023/11/01/world/asia/india-apple-threat-notification.html,World,The New York Times
Man Gets 20 Years for Fatally Stabbing Teenager on River Tubing Trip,"Nicolae Miu, 54, was sentenced on Wednesday for killing a 17-year-old and wounding four others on a Wisconsin river in 2022, the authorities said.",2024-07-31T20:30:14Z,https://www.nytimes.com/2024/07/31/us/apple-river-stabbing-nicolae-miu-sentencing.html,U.S.,The New York Times
Friday Briefing,The U.S. sues Apple.,2024-03-22T04:11:19Z,https://www.nytimes.com/2024/03/22/briefing/apple-lawsuit-antitrust-germany-strike.html,Briefing,The New York Times
The Long Shadow of Steve Jobs Looms Over the Turmoil at OpenAI,"Sam Altman, the most prominent promoter of artificial intelligence, learned that it’s hard to be a visionary founder like the Apple legend.",2023-11-21T08:00:13Z,https://www.nytimes.com/2023/11/21/technology/sam-altman-steve-jobs.html,Technology,The New York Times
Apple Unveils iPhone 15 and Switches to USB-C Charger,"European regulators passed a rule requiring USB-C charging across electronic devices, forcing the change in Apple’s newest iPhones.",2023-09-12T18:53:16Z,https://www.nytimes.com/2023/09/12/technology/apple-iphone-15-usb-c.html,Technology,The New York Times
Tuesday Briefing: U.N. Adopts U.S.-Backed Cease-Fire Resolution,"Also, the center held in Europe and Apple unveiled new A.I. features.",2024-06-10T20:51:05Z,https://www.nytimes.com/2024/06/10/world/asia/un-cease-fire-gaza-apple-asia.html,World,The New York Times
‘Lady in the Lake’ Review: Not Just Another Baltimore Mystery,Natalie Portman stars in an elaborate adaptation of Laura Lippman’s novel about a pair of 1960s murders.,2024-07-19T18:11:06Z,https://www.nytimes.com/2024/07/19/arts/television/lady-in-the-lake-review.html,Arts,The New York Times
‘Dark Matter’ Uses Science to Explore Regret and Desire,"In this new Apple TV+ techno-thriller, a portal to parallel realities allows people to visit new worlds and revisit their own past decisions.",2024-05-04T09:02:30Z,https://www.nytimes.com/2024/05/04/arts/television/dark-matter-apple.html,Arts,The New York Times
Telegram Founder’s Indictment Thrusts Encryption Into the Spotlight,"The criminal charges against Pavel Durov, Telegram’s founder, raised concerns in Silicon Valley about encryption and the app’s approach to privacy and security.",2024-08-29T19:40:25Z,https://www.nytimes.com/2024/08/29/technology/telegram-encryption-pavel-durov.html,Technology,The New York Times
‘Pay Later’ Lenders Have an Issue With Credit Bureaus,"Firms like Experian and TransUnion say it is time for “buy now, pay later” loans to appear on consumer credit reports. The lenders aren’t ready to sign on.",2024-04-23T09:03:55Z,https://www.nytimes.com/2024/04/23/business/economy/buy-now-pay-later-credit.html,Business,The New York Times
A New Way to Hear The Amplifier (Plus 5 More Whistling Songs),"Listen to a deluxe edition of the playlist, including an addition from noted whistler Andrew Bird, now available on Apple Music.",2024-01-26T19:00:02Z,https://www.nytimes.com/2024/01/26/arts/music/amplifier-newsletter-apple-music.html,Arts,The New York Times
"In Monitoring Child Sex Abuse, Apple Is Caught Between Safety and Privacy",An advocacy group is starting a $2 million campaign calling for the company to better police materials on its products and services.,2023-09-01T18:51:18Z,https://www.nytimes.com/2023/09/01/technology/child-sex-abuse-imagery-apple-safety-privacy.html,Technology,The New York Times
"‘Google Is a Monopolist,’ Judge Rules in Landmark Antitrust Case",The ruling on Google’s search dominance was the first antitrust decision of the modern internet era in a case against a technology giant.,2024-08-05T18:54:57Z,https://www.nytimes.com/2024/08/05/technology/google-antitrust-ruling.html,Technology,The New York Times
How to Clean Up Your Phone’s Photo Library to Free Up Space,"Deleting duplicates, bad shots and other unwanted files makes it easier to find the good pictures — and gives you room to take more.",2024-07-03T13:00:27Z,https://www.nytimes.com/2024/07/03/technology/personaltech/iphone-android-storage-space.html,Technology,The New York Times
New Music for Your Weekend,"Becky G, Willow, and a rare duet with Fiona Apple.",2024-03-22T09:06:13Z,https://www.nytimes.com/2024/03/22/podcasts/culture-desk-new-music-mixtape.html,Podcasts,The New York Times
"A Love-Addled Apple Farmer, Inseparable Sisters and Other Fictional Heroes of Massachusetts","A vibrant cast narrates “North Woods,” Daniel Mason’s lyrical saga about the various inhabitants of a single home in Massachusetts, from the founding of this country to the present day.",2024-03-08T10:00:06Z,https://www.nytimes.com/2024/03/08/books/review/north-woods-daniel-mason.html,Books,The New York Times
Revisiting the Women Who Defined Lilith Fair’s Sound,"Hear songs by Sarah McLachlan, Tracy Chapman, Meredith Brooks and more.",2024-05-31T18:00:40Z,https://www.nytimes.com/2024/05/31/arts/music/amplifier-newsletter-lilith-fair.html,Arts,The New York Times
‘The Dynasty’ Got the Secretive New England Patriots to Speak,"For an Apple TV+ docuseries, the tight-lipped sports franchise provided insight into six Super Bowl victories as well as darker moments.",2024-02-15T17:13:19Z,https://www.nytimes.com/2024/02/15/arts/television/dynasty-new-england-patriots-apple.html,Arts,The New York Times
Hollywood Sharpens Aim at Online Pirates,Major U.S. entertainment companies are hiring a former top F.B.I. official and renewing a push for federal legislation to combat online thievery overseas.,2024-06-24T16:00:07Z,https://www.nytimes.com/2024/06/24/business/hollywood-piracy.html,Business,The New York Times
"What I’m Reading: Apples, Private Actors and Marina Abramovic",A retrospective of the performance artist’s work at the Royal Academy of Arts in London captures boundaries being violently tested and redrawn.,2023-09-29T17:22:14Z,https://www.nytimes.com/2023/09/29/world/what-im-reading-apples-private-actors-and-marina-abramovic.html,World,The New York Times
‘Time Bandits’ Review: A Flatter Adventure,An adaptation of the 1981 film on Apple TV+ gives us time-traveling bandits of greater height and lesser amusement.,2024-07-23T16:19:57Z,https://www.nytimes.com/2024/07/23/arts/television/time-bandits-review.html,Arts,The New York Times
There were some notable absences from the hearing.,,2024-01-31T19:04:43Z,https://www.nytimes.com/live/2024/01/31/technology/child-safety-senate-hearing/there-are-some-notable-absences-from-the-hearing,Technology,The New York Times
How to Navigate Apple’s Shift From Lightning to USB-C,The dream of carrying one power cable for all your devices is becoming a reality. But things aren’t as simple as they sound.,2023-09-12T19:04:19Z,https://www.nytimes.com/2023/09/12/technology/personaltech/apple-iphone-lightning-usb-c.html,Technology,The New York Times
What to Watch This Weekend: A Supernatural Dramedy,“The Big Door Prize” returns for another season of charming small-town folks grappling with their fates.,2024-05-02T16:41:01Z,https://www.nytimes.com/2024/05/02/arts/television/big-door-prize.html,Arts,The New York Times
Why Is Big Tech Still Cutting Jobs?,Profits are up and the economy is strong. But the tech industry faces two challenges — dealing with a frenetic work force expansion in the pandemic and building A.I.,2024-02-05T10:03:06Z,https://www.nytimes.com/2024/02/05/technology/why-is-big-tech-still-cutting-jobs.html,Technology,The New York Times
The S&P 500 Through the Prism of a ‘Magnificent 7’,"Seven tech stocks, including Meta, Nvidia and Apple, have accounted for roughly 90 percent of the S&P’s gains over the past 12 months.",2024-01-27T10:00:45Z,https://www.nytimes.com/interactive/2024/01/27/business/what-are-magnificent-seven-stocks.html,Business,The New York Times
Five Weeknight Chicken Recipes That I Cook Again and Again,"Several are made in one pan, most should be eaten with rice and all are fantastic.",2024-08-20T15:00:18Z,https://www.nytimes.com/2024/08/20/dining/five-weeknight-chicken-dinner-recipes.html,Food,The New York Times
We Tried the Apple Vision Pro + Can Congress Protect Kids Online? + Cruise’s Crash,Introducing DJ TaskRabbit.,2024-02-02T10:03:43Z,https://www.nytimes.com/2024/02/02/podcasts/hard-fork-vision-pro-senate-hearing-cruise.html,Podcasts,The New York Times
Your Driving App Is Leading You Astray,"Programmed to find the fastest route without consideration of literally anything else, driving apps endanger and infuriate us on a remarkably regular basis.",2024-07-10T09:01:52Z,https://www.nytimes.com/2024/07/10/opinion/google-maps-driving-apps-flaws.html,Opinion,The New York Times
"Foxconn, Apple’s Manufacturer in China, Is Said to Be Under Tax Audit",Chinese state media outlets say the Taiwanese factory giant is under investigation in four provinces. The company said it treated legal compliance as a “fundamental principle.”,2023-10-22T12:24:36Z,https://www.nytimes.com/2023/10/22/business/foxconn-china-tax-investigation.html,Business,The New York Times
What Will Warren Buffett Bet on Next?,"Berkshire Hathaway shareholders will gather in Omaha for the conglomerate’s annual meeting on Saturday, with questions about the company’s future.",2024-05-03T11:26:48Z,https://www.nytimes.com/2024/05/03/business/dealbook/warren-buffett-berkshire-hathaway-agm.html,Business,The New York Times
Is China’s Era of High Growth Over?,"Beijing unveiled an annual economic target in line with last year’s, as it looks to refocus on strategically important sectors.",2024-03-05T13:27:33Z,https://www.nytimes.com/2024/03/05/business/dealbook/china-era-high-growth-over.html,Business,The New York Times
Advertisers Flee X as Outcry Over Musk’s Endorsement of Antisemitic Post Grows,"Disney, Apple, Paramount and Lionsgate halted marketing on X, formerly Twitter, as Elon Musk faced a furor over antisemitic abuse on his social media platform.",2023-11-17T22:50:43Z,https://www.nytimes.com/2023/11/17/technology/elon-musk-twitter-x-advertisers.html,Technology,The New York Times
"If Nvidia Keeps Rising Like This, It Will Be Bigger Than the Global Economy",A.I. fervor has rocketed the chip company’s share price upward. Our columnist asked A.I. chatbots how big Nvidia would become if it kept growing as fast as it had over the past year.,2024-03-15T13:00:08Z,https://www.nytimes.com/2024/03/15/business/nvidia-stock-market-ai-bubble.html,Business,The New York Times
The 15 Songs That Hit No. 1 This Year (So Far),"Hear tracks by Shaboozey, Sabrina Carpenter, Kendrick Lamar and more.",2024-07-09T18:00:06Z,https://www.nytimes.com/2024/07/09/arts/music/amplifier-newsletter-no-1-songs-2024.html,Arts,The New York Times
"The Big Number: $1,199",The iPhone 15 Pro Max became available on Friday and is Apple’s most expensive yet.,2023-09-22T15:52:05Z,https://www.nytimes.com/interactive/2023/09/22/business/apple-iphone-15-usb-c.html,Business,The New York Times
Can Movies for Grown-Ups Still Sell Tickets? ‘Fly Me to the Moon’ Is a Test.,"Directed by Greg Berlanti, the film amounts to a Hollywood experiment: Is there still room at the multiplexes for original movies aimed at grown-ups.",2024-07-11T15:47:09Z,https://www.nytimes.com/2024/07/11/business/media/fly-me-to-the-moon-greg-berlanti.html,Business,The New York Times
You Texted? I Hadn’t Noticed.,“Do Not Disturb” mode lets smartphone users silence notifications — and signals that they may take a while to respond.,2024-03-13T09:05:56Z,https://www.nytimes.com/2024/03/13/style/do-not-disturb-phone-setting.html,Style,The New York Times
The Sunday Read: ‘My Goldendoodle Spent a Week at Some Luxury Dog ‘Hotels.’ I Tagged Along.’,How exactly did dogs take over our world? This writer journeys into the bespoke pet care industry to find out.,2024-03-24T10:00:13Z,https://www.nytimes.com/2024/03/24/podcasts/the-daily/the-sunday-read-my-goldendoodle-spent-a-week-at-some-luxury-dog-hotels-i-tagged-along.html,Podcasts,The New York Times
What if Wine and Cider Had a Baby?,"A growing number of producers are fermenting grapes, apples and other fruits together, or blending wine and ciders, to make fascinating beverages.",2023-11-02T17:27:22Z,https://www.nytimes.com/2023/11/02/dining/drinks/wine-cider.html,Food,The New York Times
7 New Songs You Should Hear Now,"The latest tracks from Mdou Moctar, St. Vincent, Willie Nelson and more.",2024-03-19T18:00:42Z,https://www.nytimes.com/2024/03/19/arts/music/amplifier-newsletter-new-songs.html,Arts,The New York Times
"Apple Revenue Drops 1%, but Profit Rises to $19.88 Billion",The iPhone maker’s recent quarter benefited from strong sales in its App Store and other services businesses.,2023-08-03T20:57:30Z,https://www.nytimes.com/2023/08/03/business/apple-revenue.html,Business,The New York Times
‘Presumed Innocent’ Review: Disorder in the Court,"Jake Gyllenhaal steps in for Harrison Ford in a new, highly strung adaptation of Scott Turow’s legal thriller for Apple TV+.",2024-06-11T17:00:03Z,https://www.nytimes.com/2024/06/11/arts/television/presumed-innocent-review.html,Arts,The New York Times
The Harley Riders With a Taste for Tea and Apple Strudel,"The Harley Owners Group in Alice Springs is what’s known as a social motorcycle club, with the emphasis on social.",2024-04-26T05:18:42Z,https://www.nytimes.com/2024/04/26/world/australia/harley-club.html,World,The New York Times
10 Standout R.E.M. Deep Cuts,Hear a pick from each of the band’s first 10 albums.,2024-06-21T18:00:06Z,https://www.nytimes.com/2024/06/21/arts/music/amplifier-newsletter-rem-deep-cuts.html,Arts,The New York Times
5 Things to Do This Weekend,"A selection of entertainment highlights this weekend, including screenings of “The Texas Chain Saw Massacre,” which soon turns 50.",2024-08-09T09:04:54Z,https://www.nytimes.com/interactive/2024/08/09/arts/weekend-editors-picks-texas-chainsaw-massacre.html,Arts,The New York Times
Worm in an Apple,What do you think this image is communicating?,2023-09-26T07:00:15Z,https://www.nytimes.com/2023/09/26/learning/worm-in-an-apple.html,The Learning Network,The New York Times
The Best Crime Novels of the Year (So Far),"Looking for some murder and mayhem (fictional, of course)? Here are the best crime novels of 2024 so far.",2024-05-22T09:00:25Z,https://www.nytimes.com/2024/05/22/books/review/best-crime-novels-2024-so-far.html,Books,The New York Times
These Seven Tech Stocks Are Driving the Market,See how a handful of stocks have had an outsize impact on the performance of the S&P 500,2024-01-22T10:00:20Z,https://www.nytimes.com/interactive/2024/01/22/business/magnificent-seven-stocks-tech.html,Business,The New York Times
What to Watch This Weekend: A Fun Historical Crime Drama,"In its best and most exciting moments, “Manhunt” is the only show brilliant enough to ask: Why can’t Abraham Lincoln be in the “The Fugitive”?",2024-03-28T15:57:12Z,https://www.nytimes.com/2024/03/28/arts/television/what-to-watch-this-weekend-a-fun-historical-crime-drama.html,Arts,The New York Times
8 Correct Answers to ‘What Was the Song of the Summer?’,"Revisit contenders from Sabrina Carpenter, Kendrick Lamar and Billie Eilish.",2024-08-23T18:00:09Z,https://www.nytimes.com/2024/08/23/arts/music/amplifier-newsletter-sabrina-carpenter-espresso.html,Arts,The New York Times
‘Sugar’ Review: In a Lonely Place With Colin Farrell,This Apple TV+ mystery celebrates and subverts film noir.,2024-04-05T09:03:12Z,https://www.nytimes.com/2024/04/05/arts/television/sugar-review-colin-farrell.html,Arts,The New York Times
Tech Bosses Preach Patience as They Spend and Spend on A.I.,"Big technology companies show no signs of slowing their spending on artificial intelligence, even though a payoff still looks a long way away.",2024-08-02T19:02:50Z,https://www.nytimes.com/2024/08/02/technology/tech-companies-ai-spending.html,Technology,The New York Times
5 Things to Do This Weekend,"A selection of entertainment highlights this weekend, including the season finale of “House of the Dragon.”",2024-08-02T09:05:18Z,https://www.nytimes.com/interactive/2024/08/02/arts/weekend-editors-picks-house-of-the-dragon.html,Arts,The New York Times
Untitled (The Playlist),"Hear songs with no firm names from the Cure, D’Angelo, Kate Bollinger and more.",2024-08-02T18:00:04Z,https://www.nytimes.com/2024/08/02/arts/music/amplifier-newsletter-untitled-songs.html,Arts,The New York Times
A Bouquet of Songs for May Flowers,"Tom Petty, Patrice Rushen, Billie Eilish and more.",2024-05-24T18:00:10Z,https://www.nytimes.com/2024/05/24/arts/music/amplifier-newsletter-may-flowers.html,Arts,The New York Times
A Musical Tour of Tim Walz’s Minnesota,"The state is a hotbed of corrosive underground rock, birthplace of two acclaimed icons, home to a lively hip-hop scene and a bedrock of ’80s pop and funk.",2024-08-09T18:00:03Z,https://www.nytimes.com/2024/08/09/arts/music/amplifier-newsletter-minnesota-music.html,Arts,The New York Times
"China Denies Banning iPhones, but Cites Unspecified Security Concerns",The comments marked Beijing’s first public response to reports that some government agencies have told employees not to use iPhones for work.,2023-09-13T12:18:57Z,https://www.nytimes.com/2023/09/13/business/china-apple-iphone-ban.html,Business,The New York Times
Google Exemplifies the Lack of Competition in the Tech World,The antitrust ruling is just the beginning of the kind of regulation that digital monopolies require.,2024-08-06T09:04:07Z,https://www.nytimes.com/live/2024/08/07/opinion/thepoint/google-exemplifies-the-lack-of-competition-in-the-tech-world,Opinion,The New York Times
‘Someone’s Going to End Up Dead’: Settlements Over Fatal Astroworld Concert,A trial had been set to hear evidence that organizers of a 2021 Travis Scott concert knew the crowd was too large and ignored pleas to stop it as 10 people were crushed.,2024-05-08T22:43:53Z,https://www.nytimes.com/2024/05/08/us/astroworld-travis-scott-concert-deaths.html,U.S.,The New York Times
Italian Pop Discoveries From My Vacation,"Hear songs from Angelina Mango, Patty Pravo and an unexpected hit by Conan Gray.",2024-07-16T18:00:02Z,https://www.nytimes.com/2024/07/16/arts/music/amplifier-newsletter-italian-pop.html,Arts,The New York Times
"‘Rock Me, Joe’: 9 Songs With Great Guitar Cues","Celebrate the timeless rock ‘n’ roll tradition of a lead singer cuing up a guitarist by listening to tracks from Pixies, the Runaways and Jimi Hendrix.",2024-08-06T18:00:03Z,https://www.nytimes.com/2024/08/06/arts/music/rock-me-joe-9-songs-with-great-guitar-cues.html,Arts,The New York Times
10 Essential Joni Mitchell Songs,Celebrate the artist’s return to Spotify with tracks from last summer’s “Joni Jam.”,2024-03-26T18:00:02Z,https://www.nytimes.com/2024/03/26/arts/music/amplifier-newsletter-joni-mitchell-songs.html,Arts,The New York Times
An All ‘Independence’ Playlist for the Fourth of July,"Listen to songs by Martina McBride, Destiny’s Child, Kelly Clarkson and more.",2024-07-02T18:00:04Z,https://www.nytimes.com/2024/07/02/arts/music/amplifier-newsletter-independence-songs.html,Arts,The New York Times
My Starting Five Songs From Boston and Dallas,"Catch the N.B.A. Finals spirit with Erykah Badu, Pixies, Kelly Clarkson and more.",2024-06-07T18:00:03Z,https://www.nytimes.com/2024/06/07/arts/music/amplifier-newsletter-boston-dallas-songs.html,Arts,The New York Times
Rock Around the Clock: 8 Songs About Very Specific Times of Day,"Hear tracks by the Strokes, beabadoobee, Normani and more.",2024-06-11T18:00:17Z,https://www.nytimes.com/2024/06/11/arts/music/amplifier-newsletter-time-songs.html,Arts,The New York Times
What Your Favorite Streaming Services Will Cost You in 2024,Amazon will start showing ads to some Prime Video subscribers who pay less. They’re not alone.,2023-12-29T15:22:39Z,https://www.nytimes.com/2023/12/29/business/streaming-advertising-2024-netflix-amazon-prime.html,Business,The New York Times
7 New Songs You Should Hear Now,"Hear tracks from Carly Pearce, Ibibio Sound Machine, John Cale and more.",2024-05-21T18:00:03Z,https://www.nytimes.com/2024/05/21/arts/music/amplifier-newsletter-new-songs.html,Arts,The New York Times
The Best Thrillers of the Year (So Far),These twisty suspense novels will keep you on the edge of your seat.,2024-06-08T09:00:33Z,https://www.nytimes.com/2024/06/08/books/review/best-thrillers-books.html,Books,The New York Times
India’s Quiet Push to Steal More of China’s iPhone Business,"The companies that make iPhones are bringing their factories to one corner of India, to graft them onto a network of manufacturers.",2024-02-02T05:01:29Z,https://www.nytimes.com/2024/02/02/business/india-iphone-tech-manufacturing.html,Business,The New York Times
The Ultimate Charli XCX Primer,"Prep for the arrival of her new album, “Brat,” with 11 songs from her catalog (and 10 bonus tracks!).",2024-06-04T18:02:47Z,https://www.nytimes.com/2024/06/04/arts/music/amplifier-newsletter-charli-xcx.html,Arts,The New York Times
‘Constellation’ Review: Alice in Wonderspace,A sci-fi mystery from Apple TV+ turns quantum physics into a dark fairy tale.,2024-02-20T16:02:33Z,https://www.nytimes.com/2024/02/20/arts/television/constellation-review.html,Arts,The New York Times
The Ultimate Dad Rock Playlist,"What is dad rock? You know it when you hear it, so listen to 10 songs from Wilco, the Grateful Dead, Steely Dan and more.",2024-06-14T18:00:03Z,https://www.nytimes.com/2024/06/14/arts/music/amplifier-newsletter-dad-rock.html,Arts,The New York Times
"The New York Times News Quiz, June 14, 2024",Did you follow the news this week? Take our quiz to see how well you stack up with other Times readers.,2024-06-14T09:05:53Z,https://www.nytimes.com/interactive/2024/06/14/briefing/hunter-biden-apple-jerry-west-quiz.html,Briefing,The New York Times
The Supreme Court Ruled That States Cannot Bar Trump From Ballots,"Also, Apple was fined $2 billion for thwarting competition. Here’s the latest at the end of Monday.",2024-03-04T22:50:46Z,https://www.nytimes.com/2024/03/04/briefing/supreme-court-trump-ballots-apple-eu-fine.html,Briefing,The New York Times
Chinese Warnings on iPhones Tap Deep Strain of Security Concerns,"For years, officials in China have been told to shun foreign devices. Now reports of renewed curbs have unnerved Apple’s investors, heightening geopolitical tensions.",2023-09-11T09:02:44Z,https://www.nytimes.com/2023/09/11/business/apple-china-iphones.html,Business,The New York Times
"As Smartphone Industry Sputters, the iPhone Expands Its Dominance","Apple, which is set to release a new iPhone on Tuesday, has increased its share of smartphone sales by converting Android customers and adding teenagers.",2023-09-11T09:02:24Z,https://www.nytimes.com/2023/09/11/technology/apple-iphone-17.html,Technology,The New York Times
"Pick Pumpkins, Pick Apples and Get Out of Town",Ideas to interact with nature this month.,2023-10-02T04:02:05Z,https://www.nytimes.com/2023/10/02/nyregion/pick-pumpkins-pick-apples-and-get-out-of-town.html,New York,The New York Times
A.I. Promises Give Tech Earnings a Jolt,Companies like Meta that could tout their work in the fast-growing field saw a benefit in their fourth-quarter results — and won praise from eager investors.,2024-02-02T13:11:37Z,https://www.nytimes.com/2024/02/02/business/dealbook/meta-tech-earnings-ai.html,Business,The New York Times
The Ragged Glory of Neil Young and Crazy Horse Live,Hear 11 songs from an electrifying New York set this week.,2024-05-17T18:00:05Z,https://www.nytimes.com/2024/05/17/arts/music/amplifier-newsletter-neil-young-crazy-horse-live.html,Arts,The New York Times
10 Outstanding Brian Eno Productions,"Inspired by an ever-changing new documentary about the musician and producer, listen to songs he helped construct by David Bowie, Talking Heads, U2 and more.",2024-07-19T18:00:04Z,https://www.nytimes.com/2024/07/19/arts/music/amplifier-newsletter-brian-eno-productions.html,Arts,The New York Times
"Don’t Be Afraid of the iPhone’s NameDrop Feature, Experts Say",Police departments have issued warnings about a new Apple setting that lets users exchange contact information by bringing their devices together. Tech experts say the fears are overblown.,2023-11-29T14:56:18Z,https://www.nytimes.com/2023/11/29/technology/namedrop-apple-iphone-police.html,Technology,The New York Times
How to Cut Down Your Screen Time but Still Get Stuff Done,Google’s Routines and Apple’s Shortcuts combine multiple steps into one command to make your phone or tablet do more of the work for you.,2024-01-17T14:00:27Z,https://www.nytimes.com/2024/01/17/technology/personaltech/screen-time-phone.html,Technology,The New York Times
An Epic Summer Olympics Playlist,"Hear triumphant tracks from John Williams, Whitney Houston and, of course, Celine Dion.",2024-07-30T18:00:02Z,https://www.nytimes.com/2024/07/30/arts/music/amplifier-newsletter-olympics-celine-dion.html,Arts,The New York Times
Berkshire Reports Strong Earnings and Formidable Cash Stockpile,"The company also disclosed in its first-quarter earnings that it had trimmed its stake in Apple, but Warren Buffett, its C.E.O., said he remained a fan of Apple.",2024-05-04T13:38:59Z,https://www.nytimes.com/2024/05/04/business/dealbook/berkshire-hathaway-buffett.html,Business,The New York Times
7 New Collaborations You Should Hear Now,"Hear music from pairings that include Lady Gaga and Bruno Mars, and Post Malone and Chris Stapleton.",2024-08-20T18:00:04Z,https://www.nytimes.com/2024/08/20/arts/music/amplifier-newsletter-lady-gaga-post-malone.html,Arts,The New York Times
